title;rating;duration;startTime
Trelew;8.0;98;717
Golem;4.7;104;201
Balla che ti passa;7.7;92;1064
Arn: The Knight Templar;6.6;139;412
Tell Me No Lies;2.9;91;23
Manual;6.9;80;1039
Day of Defense;5.7;102;937
Taekwondo;7.4;102;331
Hercules Ventures Into the World;8.0;50;313
Through the Footsteps of a Madman;5.6;77;211
Mongolpiparen;3.2;88;625
Cold Feet;5.3;78;813
Life, Translated;3.7;100;58
Gangster;5.7;90;1015
Black Cat in Jail;4.0;88;551
Black;6.4;130;425
Hannah and Her Brothers;5.5;77;1286
Friendship Hotel;7.4;95;1294
Dreams for Life;8.1;75;749
Snakewoman;3.1;98;671
Fare la vita;6.1;100;42
Plaguers;2.7;86;1052
The Mercy Man;7.2;91;1046
A Winter in Paris;5.7;95;861
Nada sÃ´ sÃ´;6.7;118;870
Silly's Sweet Summer;6.8;90;737
The Lark Farm;6.6;122;931
Sam tiu;3.3;90;312
The Legend of 7 Cutter;6.2;100;331
Gone;5.4;88;679
Sound of the Sea;6.0;95;883
Angel-A;7.1;91;1103
Great Idea;5.0;90;153
16-dec;6.9;158;341
A Good Band Is Easy to Kill;8.7;89;1231
Angels of the Universe;7.5;100;233
Heavy Petting;4.5;94;668
Adieu;7.1;124;1102
Daylight Robbery;6.0;99;871
The Passage;8.2;108;191
Vampire Junction;2.6;94;1088
Two Angels;6.0;80;342
Mensch Mutter;6.9;90;21
Preserve Me a Seat;9.2;104;192
Stolen Summer;6.5;91;179
Savage Souls;6.9;120;933
Eye in the Sky;6.7;90;94
Big Bad Wolf;5.3;95;22
Just Sex;7.2;73;1259
Villain;7.1;162;658
Blackout Journey;4.6;90;327
Impy's Island;5.0;87;448
Hot Fuzz;7.8;121;1283
Hubert Selby Jr: It/ll Be Better Tomorrow;7.4;79;1041
You Shoot, I Shoot;7.4;94;1175
Australia;6.6;165;871
Tito;7.1;120;221
A Sunday in Kigali;7.2;118;794
Bloodshed;3.2;82;935
Huddersfield;8.3;95;265
The Hitcher;5.6;84;541
Shallow Ground;4.9;97;343
Be - Skitne, syndige meg;6.5;50;1196
Ken Park;5.9;93;765
Night Watch;6.4;114;116
Complexx;3.7;78;1088
P.S. Your Cat Is Dead!;5.4;92;701
Ten;7.4;89;1300
Os Imortais;7.3;130;253
Martha's New Coat;6.8;52;1377
Mask de 41;6.1;113;892
Frog-g-g!;4.3;80;789
Summer Nuts;7.2;90;181
The Robbery of the Third Reich;6.5;105;823
Jungle Rudy;6.4;90;538
The Keeper: The Legend of Omar Khayyam;6.4;95;1103
Retiring Tatiana;7.3;108;30
Powiedz to, Gabi;5.7;82;793
Dans tes rÃªves;4.3;102;312
O Brother, Where Art Thou?;7.7;107;869
Larceny;4.4;101;301
The Football Factory;6.8;91;609
Identity Kills;5.0;81;1071
Layover;4.7;95;1060
Divide;2.6;60;1261
Twisted;5.8;93;794
Elipsis;6.4;90;1268
Undead;5.4;104;1050
Saseul;5.1;93;551
Dr. Bronner's Magic Soapbox;6.5;88;175
Vox Populi;6.7;100;895
Residencia;5.5;92;1324
Ooops, teka lang... Diskarte ko 'to!;8.5;110;83
Everything Together;4.9;65;1100
UFO Doggies;7.0;55;87
Dog Soldiers;6.8;105;280
All the Days Before Tomorrow;6.1;100;71
Reaction;8.1;77;185
Little Big Top;6.2;83;548
Nailed;4.1;90;354
Iberia;7.0;99;723
Bubbles;8.6;80;973
Late un corazÃ³n;4.6;72;683
Roadblocks;7.3;101;725
Pas assez de volume! - Notes sur l'OMC;8.2;140;1096
2009: Lost Memories;6.1;136;11
Otra vuelta;7.3;80;1081
Aftermath;4.9;83;586
Neowolf;2.1;88;894
Season of the Horse;7.3;105;136
Lagerfeld Confidential;6.7;89;1017
Weenie Roast Massacre;4.7;87;428
Das siebte Foto;6.6;95;1115
Indian Fish in American Waters;5.4;94;783
A Handful of Grass;6.5;100;486
A Perfect Match;6.4;107;1107
The Debut;6.5;94;912
Wesley Cash;7.3;73;1151
Life Hits;6.3;93;247
Maybe Baby;5.7;104;1311
Damen tango;6.2;95;918
Love Rome;5.5;80;1184
Leyla Zana, le cri au-delÃ  de la voix Ã©touffÃ©e;4.3;51;956
Scream 3;5.6;116;649
Screen Tests of the Stars;9.1;60;603
Surviving the Rush;5.1;80;1350
Palabras encadenadas;7.1;89;493
Joyful Partaking;7.2;120;1067
The Incredible Burt Wonderstone;5.9;100;773
The Real Cancun;2.8;96;818
The Book of Caleb;6.9;106;947
The Tree That Remembers;8.5;50;1324
Possession;5.5;90;106
The Marc Pease Experience;4.0;84;1027
Oollala Sisters;4.8;110;346
The Windy City Incident;2.4;71;1323
O;6.1;95;1272
Standalone;7.2;108;955
Muxes: AutÃ©nticas, intrÃ©pidas y buscadoras de peligro;7.5;105;126
Bolivar Is Me;6.3;93;488
State of Denial;8.2;86;457
Tell Me Do You Miss Me;7.9;102;111
My Captain Mr. Underground;6.0;104;508
The Delicate Art of Parking;6.4;90;888
Home;7.9;85;906
Ameriga;7.0;55;315
Wreckage;4.2;87;458
Naam Gum Jaayega;5.9;125;1012
Kings;6.9;88;44
The Ghouls;3.8;81;1180
For Your Consideration;6.3;86;153
Gambit;8.0;107;270
Shootout;5.9;90;366
Tomorrow La Scala!;6.8;108;327
Princess in an Iron Helmet;6.3;103;591
Equilibrium;7.4;107;894
Operation Balikatan;3.5;88;381
Escalator Down;6.5;70;1361
Fated;6.2;90;1346
Polynesian Power;8.2;60;1253
Wieners;4.3;89;680
Lightning Bug;6.5;97;120
Sacred Heart;6.4;120;1093
Taxi to the Dark Side;7.4;106;964
Verschwinden;6.7;75;771
For the Bible Tells Me So;7.8;95;1068
Someone Like You;6.1;97;1113
Blues Divas;7.2;116;914
Time Changer;5.2;95;561
To Paint or Make Love;6.1;100;1191
Deanimated;7.5;60;582
Gray Matters;5.8;96;622
The Princess and the Frog;7.1;97;166
Mr. Woodcock;5.1;87;1249
Andre omgang;5.0;84;1276
RinaldÃ³;5.1;83;987
Sucker Punch;5.0;92;460
Neverland;4.9;83;763
Borrowed Time;4.8;62;771
Do Outro Lado do Mundo;6.3;90;581
Lunar Girl;7.0;85;1097
A Woman and a Half: Hildegard Knef;8.1;90;288
Troublesome Night 17;4.3;90;421
She Got Game;7.5;78;356
Hitters Anonymous;6.8;92;468
Deeper Than Y;8.5;60;11
The Moon Also Rises;7.0;105;1330
A West Lake Moment;5.8;112;828
Pornodrome: Una storia dal vivo;6.5;86;232
The Stepford Wives;5.3;93;28
No Good Deed;5.5;97;26
Dry Wood Fierce Fire;5.8;97;283
Shadow Magic;6.8;116;405
Big Time;7.2;92;1068
Waiting for the Giants;5.1;88;104
The Boys & Girl from County Clare;6.5;90;941
Ma saison super 8;5.2;74;280
The Very Poor, Inc.;4.9;90;471
On the Edge: The Femicide in Ciudad Juarez;6.8;58;607
Trixie;5.1;116;1061
Der Traum vom Schweben;8.0;90;352
Who Killed Cock Robin?;5.2;88;265
Fernanda Pivano: A Farewell to Beat;6.8;70;131
Home Invaders;5.6;100;51
Kaun Hai Jo Sapno Mein Aaya;5.1;127;443
Mokus;5.3;110;756
Deceitfully Funny;7.4;85;644
The Sleeping Wife;6.9;83;144
Shakespeare's Merchant;4.4;86;1110
Intervention;4.8;93;369
Aquarium;5.1;67;1163
Bewafaa;4.3;151;791
The PianoTuner of EarthQuakes;6.3;99;1064
West Coast;8.4;90;844
Days;6.0;83;493
How Silly We Are to Grow Up;4.9;90;1158
Vampire Blvd.;6.8;90;604
VÃ¤gen tillbaka - BlÃ¥dÃ¥rar 2;6.9;78;193
Tournament of Dreams;3.7;88;178
Miami Vice;6.0;132;140
L'auberge espagnole;7.3;122;1121
Fate come noi;6.9;92;397
The Avengers;8.0;143;641
From My Window, Without a Home...;3.9;88;740
The Story of the Weeping Camel;7.5;93;1295
Harm's Way;5.2;82;1060
FÃ¡bio Fabuloso;7.4;63;341
Risen;5.2;121;966
Neranja Manasu;2.9;150;777
Flightplan;6.3;98;551
The Mummy: Tomb of the Dragon Emperor;5.2;112;361
The Mystery of Sintra;6.9;98;62
On fait comme on a dit;5.1;80;158
Mothers and Daughters;5.4;90;260
Pinocchio 3000;3.9;80;414
Love + Hate;6.9;86;896
Boardwalk Poets;5.7;89;797
Symphony of Silence;5.4;110;671
Bling Bling;5.0;62;810
Outlander;6.2;115;880
Evil Breed: The Legend of Samhain;3.2;78;236
True Rights;7.7;101;383
Black Days;6.0;80;725
Tagore;7.8;175;134
Strut!;7.4;68;1352
Crazy First Love;5.7;108;48
Brother Outsider: The Life of Bayard Rustin;7.7;83;616
Un dÃ­a en el paraÃ­so;5.6;98;744
People I Know;5.5;100;861
The Hills Have Eyes 2;5.1;89;396
Kahin Pyaar Na Ho Jaaye;4.3;159;1225
Chrysalis;5.4;94;188
Hyenas;2.7;92;266
Keepin' It Real;3.7;90;919
Toukou no ki;5.7;121;179
Alguien en la terraza;8.8;75;1141
Goodbye Charlie Bright;6.3;87;874
The Five of Us;7.0;87;469
Monica's Gang in an Adventure in Time;6.7;81;605
Growing Down in Brooklyn;6.1;120;1158
The Definition of Insanity;7.6;85;917
Marathon;6.3;74;19
The Transporter;6.8;92;1221
Happy;7.0;152;987
Motoboys: Vida loca;7.6;53;1135
Leningrad;6.1;110;746
Straight Outta Hunters Point;7.7;75;1105
Una de zombis;4.5;99;653
One Piece: The Movie;6.7;51;291
Dance Machine;4.2;109;1109
Ã€ Tout de Suite;6.5;95;941
Humko Tumse Pyaar Hai;4.8;128;991
The Night Is Bright;7.0;98;807
Delta Farce;3.6;90;810
Hari ng selda: Anak ni Baby Ama 2;8.1;120;833
Dark Days;7.8;82;1207
Right at Your Door;6.1;96;1085
I Don't Want to Sleep Alone;7.0;115;784
Pleasant Moments;5.8;113;819
The Blossoming of Maximo Oliveros;7.0;100;1259
Jimmy Neutron: Boy Genius;6.0;82;1084
They Call This... Spring;6.1;107;1174
The Gentle Age;7.2;130;1287
Once Upon a Time in the Hood;4.8;94;82
Martian Child;6.8;106;1081
Aimee Semple McPherson;4.8;110;218
Loving Glances;6.1;97;1221
Spin Cycle;7.0;88;983
Lurking in Suburbia;5.9;87;17
Castle Eros;5.0;92;684
Swimming;6.3;98;626
Rare Birds;6.4;99;179
Talk To Her;7.9;112;350
The Executed;8.5;57;1174
Chaos;7.0;109;597
Crackerjack;6.8;92;825
Requiem of Snow;6.8;90;1184
Les deux mondes;5.6;105;423
Camp: The Movie;6.0;70;458
Trench Road;6.2;111;786
Omen;4.5;80;1258
Killing the Dream;8.1;83;402
FC Venus;5.8;100;1237
The Proposal;5.4;91;1229
Portrait of a Married Couple;7.1;92;910
Cl.One;3.3;112;1117
Close, Closed, Closure;6.6;53;1156
Out of the Closet, Off the Screen: The Life of William Haines;7.0;45;406
Please Give;6.6;87;897
Scary Movie V;3.5;88;1193
Schroeder's Wonderful World;5.2;114;505
Eldra;7.8;80;325
The Brutal River;4.4;87;177
The Happy Housewife;6.7;100;581
The Thirst: Blood War;2.6;96;663
The Far Side of Jericho;4.4;99;720
Blonde et brune;5.3;59;1292
Villa des roses;6.0;118;1234
The Fifth Empire;6.3;127;1034
Trackman;4.1;80;1250
Mudori;5.8;100;1017
Prince Vladimir;6.9;78;172
Buhay kamao;6.8;117;768
Girlfriend;3.1;126;207
15;5.7;95;1265
As White as in Snow;6.0;154;321
Father's Affair;6.6;100;1231
Duplicate Sholay;6.5;147;360
I Need to Lose Ten Pounds;6.7;92;1341
The Power of Few;5.2;96;1045
The Darkroom;5.6;83;229
Drive;7.2;102;3
Barra 68 - Sem Perder a Ternura;7.1;80;843
Lalon;8.2;120;841
Life and Migraine;7.0;55;707
Woman Is... a Tough Person;4.8;100;232
The Life and Hard Times of Guy Terrifico;6.7;86;1075
To Catch a Virgin Ghost;6.5;109;410
Neil Young: Heart of Gold;7.7;103;1191
Kuxa Kanema - O Nascimento do Cinema;6.3;52;653
Egoshooter;4.7;72;1174
Yanda Kartavya Aahe;6.5;147;1174
Black Gold;7.2;78;1117
Land of Fear;8.1;142;193
The Great Dance: A Hunter's Story;7.6;90;173
Mole;4.5;81;135
Kat;3.5;85;941
Y.M.I.;3.3;80;1280
Graduating Peter;7.6;75;110
Tom White;6.5;106;208
JÃ´hatsu tabinikki;5.8;85;941
The Game of Their Lives;7.7;80;1304
The Last Quest;4.5;92;44
Anchorman: The Legend of Ron Burgundy;7.2;94;70
Irangeles;6.3;80;1031
BrasÃ­lia 18%;4.8;102;464
A Movie of Eggs;6.4;90;1151
Megy a gÃ¶zÃ¶s;3.6;90;515
KatieBird *Certifiable Crazy Person;4.3;100;406
El vecino;6.3;93;1310
Bibo per sempre;5.0;95;560
Arindhum Ariyamalum;7.2;132;139
The Flying Aarons;6.5;51;197
Trois;4.1;93;150
Phulkumar;8.6;58;99
Fool's Gold;5.7;112;683
Frost/Nixon;7.7;122;834
Lee Dae-ro Can't Die;6.3;106;1060
A Friend of Mine;6.9;84;420
Surrender;3.4;73;1315
You and Me Against the World;6.3;110;718
Killing Bee;3.5;85;480
Inga tÃ¥rar;4.8;85;1173
Duty Dating;5.2;94;587
Fifi Martingale;5.7;127;867
No Time to Die;7.6;95;422
Love;6.0;104;83
The Clay Bird;8.6;95;196
Farm Family: In Search of Gay Life in Rural America;6.9;73;1344
It Is What It Is;6.3;112;682
Look at Me;6.8;110;479
The Burning Wall;7.5;115;1273
S21: The Khmer Rouge Killing Machine;7.3;101;1067
Denk ich an Deutschland - Wir haben vergessen zurÃ¼ckzukehren;7.0;60;1208
Dog Me: Potluck;6.5;110;1114
Sugar Orange;5.8;86;132
Falling Sky;6.7;83;780
Down to Earth;5.5;87;1088
I Am Dina;6.6;125;522
Treasure Island Kids: The Monster of Treasure Island;4.2;86;259
Orientations: Chris Doyle - Stirred But Not Shaken;6.6;52;1245
Kidnapped Home;7.2;103;880
Porto of My Childhood;7.1;61;408
Night of the Snakehead Fish;4.7;54;1273
Sweet Home Alabama;6.2;108;165
A travÃ©s de tus ojos;6.9;104;295
Combat Sixteen;6.2;96;883
Private Fears in Public Places;6.9;120;1133
Atrophy;6.6;45;849
Achuvinte Amma;6.9;130;247
Hack!;4.1;89;1193
Closing Escrow;5.4;93;822
The Cook;4.0;85;1251
Mais im Bundeshuus: le gÃ©nie helvÃ©tique;7.2;90;1304
Art Heist;4.4;98;1034
Timbuktu;6.8;94;896
Novela Novela;6.1;60;1328
Estrellas de La LÃ­nea;7.7;95;302
Suits on the Loose;5.3;94;305
Mila from Mars;6.9;91;1192
Perspecplejia;7.2;70;968
Touched by a Killer;5.4;87;13
Snake Island;3.3;90;1168
Zebraman;6.5;115;905
Old, New, Borrowed and Blue;5.9;90;193
Gettysburg and Stories of Valor: Civil War Minutes III;8.5;180;912
Divorce: The Musical;5.7;86;304
Trip;7.8;101;90
Adam and Eve;4.5;91;87
Shankar Dada MBBS;7.4;174;70
Love Disease;3.2;108;1236
The Woman Who Missed Home;5.9;82;1216
Gabriela;5.0;93;324
A Regular Frankie Fan;8.1;72;602
The Evil;6.0;85;599
Panic Bodies;7.3;70;586
Memories of Rain;8.6;185;1133
Dutch Touch;7.2;75;1307
The Royal Academy;8.8;60;1149
Del roig al blau;8.1;97;1040
When the Sky Falls;6.3;107;1162
Oseam;6.9;75;572
Ramses;7.6;70;137
Filhas do Vento;6.3;85;589
Pretty Things;5.8;105;1148
Fast Souls;5.9;90;594
Blood Predator;2.2;91;893
Offshore;6.6;92;494
All the King's Men;6.2;128;497
SmÃ¥deckarna;2.7;81;347
Kabhi Alvida Naa Kehna;6.1;193;924
Darna Zaroori Hai;5.4;108;337
In My Country;6.0;105;1137
Between the Devil and the Wide Blue Sea;6.6;89;371
Oljeberget;4.9;111;107
Fossil;7.1;87;179
Otto - Der Katastrofenfilm;4.3;92;1241
Cold Trail;6.1;99;39
The Thing About My Folks;6.5;96;1199
The Loss of a Teardrop Diamond;5.8;102;580
Final Contract: Death on Delivery;5.2;97;277
Protocols of Zion;6.3;95;147
Honest;4.0;110;304
Monday;7.4;100;238
Sieh zu dass du Land gewinnst;6.6;85;229
Amar te duele;6.5;104;611
The Collector;6.4;90;297
Ranchero;5.4;95;203
Songcatcher;7.2;109;432
American Cannibal;4.9;87;890
Twilight: Los Angeles;7.7;76;63
Lagot ka sa kuya ko;8.0;107;1196
La Isla Bonita;4.1;90;302
The Settlers;5.8;58;810
If Only;7.1;92;14
Cabaret Paradis;4.8;98;1327
Miss Du Shi Niang;5.0;86;751
Love Story 2050;2.6;180;1242
Last Seen at Angkor;4.2;80;526
The Boss;3.8;105;778
Hrein og bein;7.3;56;107
Armenia;6.6;125;757
Election 2;7.4;93;630
The Game Plan;6.1;110;511
Moonlight Mile;6.6;117;769
Esses MoÃ§os;5.4;80;26
Vinci;6.9;108;473
Being Cyrus;7.2;90;911
Askar fi el-mu'askar;5.2;100;653
A History of Sex;4.9;60;1291
She;3.7;94;400
Mr. Bones;4.8;110;1217
I Will Always Love You;5.5;117;529
My African Family;6.4;80;345
Skinhead Attitude;7.3;90;703
Planet B-Boy;7.7;95;933
Woman of Breakwater;7.5;124;973
Tout pour plaire;6.0;105;343
The Last Supper;5.9;96;109
Du & jag;5.0;88;539
Out of Faith;8.4;82;1294
Kung Fu Master;6.5;200;1067
Planet der Kannibalen;5.3;91;629
Militia;3.5;89;537
Wu qiong dong;5.7;90;261
Venus and Mars;6.3;94;931
Hail, Caesar!;6.3;106;961
The Smith Family;7.7;80;864
Voodoo Lagoon;3.0;79;1228
Alone Versus Myself;6.8;98;1144
Solitaire;7.1;90;1104
Hopeless;6.1;80;272
Made of Honor;5.9;101;1311
Fugitive Hunter;3.6;88;838
Negocios son negocios;4.8;94;1069
The Day My God Died;7.8;70;1258
Just Add Pepper;6.7;90;441
Views of the Inner Chamber;7.1;118;947
Klunkerz;8.0;83;576
Won't Anybody Listen;8.6;73;963
Septem;5.6;95;675
50 Things to Do Before I Die;8.3;52;836
Bob Steel;7.2;92;1181
No Child Left Behind;8.6;56;970
Aratte-spazanm, tservery, erkir;3.6;52;522
Dance of the Wind;9.0;80;771
L'extraterrestre;3.3;93;407
Red Is the Color of;4.8;87;1099
Moonlight Jellyfish;7.2;113;481
500 Years Later;6.8;106;1204
Seinto Seiya: Tenkai-hen joso - Overture;7.0;84;754
Everyday People;6.4;91;1041
The Music Inside;7.4;90;1298
The Sword of Alexander;5.8;110;1060
Barrage;6.0;93;603
Garden of Love;4.6;86;425
The Pervert's Guide to Cinema;7.8;150;1238
Turn Left at the End of the World;7.0;110;523
Something's Gotta Give;6.7;128;1114
RÃ­o arriba;6.4;72;146
Crossroads;3.5;93;755
Laughing Matters... More!;3.4;72;705
The Burnt Theatre;6.9;82;964
Garden of Heaven;5.7;95;776
Gala;7.4;105;61
Jurassic World;7.0;124;89
Middletown;5.9;88;1082
Shut Up and Shoot!;3.3;86;1185
I'll Be There;6.4;105;1098
War Photographer;8.0;96;627
The Sleepy Time Gal;5.9;108;398
C'est la vie;6.7;113;1194
The Rules of the Game;6.3;103;1003
Rock Bottom: Gay Men & Meth;7.0;61;1313
Children of the Setting Suns;6.5;58;1045
Revolution Summer;5.4;90;1019
Kazuo Umezu's Horror Theater: Death Make;4.0;49;734
Paternal Instinct;7.2;75;464
Prisoner Queen-Mindless Music & Mirrorballs;8.3;86;808
God Is on Air;4.5;91;1240
Sandakozhi;6.9;151;728
El astillero;5.6;88;721
Metallica: Some Kind of Monster;7.5;141;1274
Landscape of My Heart;3.9;63;1177
Just Another Day in the Homeland;7.6;78;1286
A Sound of Thunder;4.3;110;670
Musisz zyc;6.0;90;1019
NingÃºn lugar en ninguna parte;7.0;70;1123
Paintball the Movie: Court Jesters;6.7;90;470
Beneath the Cogon;6.1;83;263
Shanghai Noon;6.6;110;799
The Austrian Method;2.0;93;746
The Barber;5.7;94;912
With Closed Eyes;6.7;80;430
Cowboys & Aliens;6.0;119;180
Peas at 5:30;7.0;111;1179
Infinite Justice;5.0;93;419
Monster;7.3;109;83
Paisa Vasool;4.0;139;371
Jack of Diamonds;4.6;84;1033
Snipes;5.6;113;915
Mr. Smithereen Goes to Washington;7.9;94;1026
Pancho Villa: La revoluciÃ³n no ha terminado;7.2;90;139
The Wedding Date;6.2;90;574
Listy milosne;4.5;105;435
Franco Bagongo;8.1;85;550
Gawin sa dilim 2;1.5;120;552
Bonne nouvelle;6.4;61;523
Hell;5.0;100;1308
The District;6.0;87;1219
Shoot 'Em Up;6.7;86;559
Noi the Albino;7.3;93;54
Annapolis;5.9;108;641
The Greatest Thing;5.8;114;678
Art of the Devil 2;5.9;100;692
Joe Dirt;6.0;91;1272
Io no;5.8;96;533
A+ Pollux;6.1;90;679
That One Night;6.2;120;1285
The Missing;6.2;82;593
The Blue Tower;6.1;85;920
My Voice;6.3;110;1121
Spider's Web;4.3;88;180
Xin lian;5.3;108;269
Chittagong: The Last Stopover;7.5;82;1323
Malena;7.5;108;906
Attention Shoppers;4.7;87;744
Scene Smoking: Cigarettes, Cinema & the Myth of Cool;3.9;59;412
Adil geht;7.0;96;1054
La punta del diablo;7.6;90;1123
Feel the Noise;2.9;86;1023
The Big One;6.8;60;13
Whole New Thing;6.6;92;612
Catch a Fire;6.7;101;287
Are You Ready for Love?;4.6;87;1002
A Trumpet in the Wadi;6.6;100;423
Kung Phooey!;5.3;87;401
Road Trip;6.4;93;463
Imagining Ulysses;7.8;90;265
AbrÃ­gate;5.7;90;843
And in the Morning They Woke Up;6.1;90;495
New York, I Love You;6.2;103;210
Bell'amico;7.0;84;766
A kis utazÃ¡s;7.2;100;851
Purple and Violet;6.3;115;817
Open Cam;4.6;100;401
Farda;7.7;105;631
Remarkable Power;5.6;91;1212
Neal 'n' Nikki;3.2;122;1181
University of Laughs;7.4;121;258
Grissinopoli;8.4;80;121
Hank and Mike;6.0;86;940
Garage Days;5.9;105;1082
Conan the Barbarian;5.2;113;218
Blok.pl;3.1;82;42
Boxers and Ballerinas;7.2;84;961
Aadavari Matalaku Ardhalu Verule;7.4;157;34
Maria Dolores;6.6;90;441
Cazuza: Time Doesn't Stop;6.9;98;1338
Honey for Oshun;6.3;126;1020
The Coffin;4.2;86;1086
Open My Heart;5.2;93;689
Overnight;7.1;82;344
Lapu-Lapu;6.4;125;1118
In the Valley of Elah;7.1;121;655
Cuba mia: Retrato de una orquesta de mujeres;8.0;90;943
Purple Heart;5.5;90;163
Art of Fighting;6.7;100;45
Countdown;5.3;100;922
On the Trail of Igor Rizzi;6.3;91;737
Everything Put Together;6.3;87;959
The Calling;8.0;117;65
Dark Places;3.2;77;215
Rolling;5.5;90;211
Madhumasam;6.6;139;712
VII. OlivÃ©r;6.5;110;961
Coachella;7.4;120;67
Trick or Treaters;7.0;75;1160
Ho visto le stelle;5.8;91;551
The Last Supper;5.8;92;219
Ãœber Wasser: Menschen und gelbe Kanister;7.2;120;540
Some Kind of Blue;6.5;114;183
Pipe Dream;5.9;91;591
The Days Between;6.9;118;523
The Grand Sons;6.1;84;1075
Mushi-Shi: The Movie;6.1;131;769
A fÃ©ny Ã¶svÃ©nyei;6.8;90;98
Good Luck with That;3.5;94;772
Stiffed;6.9;83;16
Confessions of a Florist;6.8;95;378
Escaflowne: The Movie;6.7;98;548
Jeepers Creepers 2;5.6;106;1099
Circus Camp;5.8;101;1196
Three of Hearts: A Postmodern Family;6.9;95;289
Zerophilia;6.1;90;686
Resilience;6.5;96;899
Prymas. Trzy lata z tysiaca;6.3;103;1095
The Jealous God;5.6;95;684
RÃªve d'usine;6.9;98;651
Alone Across Australia;8.7;52;1341
Emmanuelle in Hong Kong;4.9;95;1024
Amen.;7.2;132;685
Caramel;6.6;88;381
Miracle;7.5;135;1203
Le Afi Ua Mu: The Fire Is Burning;6.4;56;309
El-Rehla;4.7;120;1306
The Hiding Place;6.4;97;332
Burning Coal;7.3;90;675
Life of Pi;7.9;127;224
Roadkaepchen;7.0;45;1018
Home;4.6;50;338
The Spirit of Places;8.1;90;324
Just Do It!;5.6;93;950
Metro;6.4;105;1052
Kochi Rajavu;6.0;105;148
Mana: Beyond Belief;6.3;92;727
Sex and Breakfast;4.8;81;69
November 1828;7.3;140;19
Semen, a Love Sample;5.4;89;207
Mean Machine;6.5;99;1262
Drawing Out the Demons: A Film About the Artist Attila Richard Lukacs;7.1;78;96
CristÃ³bal MolÃ³n;6.5;70;1041
The Sum of All Fears;6.4;124;993
Peep 'TV' Show;5.3;98;725
No Such Thing;6.1;102;1285
Almost Salinas;6.1;92;1242
Mystic Ball;8.2;83;298
Cuban Blood;5.9;109;35
Summer in the Golden Valley;7.0;105;158
Bachke Rehna Re Baba;2.6;130;1108
Te busco;6.1;84;1337
Pretty Woman;4.7;111;452
The Replacements;6.6;118;793
Damaged Goods;3.5;120;511
The Greatest Love of All;6.5;106;775
Sahara;6.0;124;917
Hotel;5.6;76;54
The Indie Pendant;4.1;105;40
The TV Set;6.5;88;1178
Cry in the Woods;6.0;106;663
SobibÃ³r, October 14, 1943, 4 p.m.;7.4;95;52
Churning the Sea of Time: A Journey Up the Mekong to Angkor;9.2;74;876
The Runner: Extreme UltraRunner David Horton;7.0;78;994
Bottom Feeder;4.3;86;597
Fortune;6.7;80;1193
Dogg's Hamlet, Cahoot's Macbeth;8.1;83;1001
Jack Reacher;7.0;130;105
Barry Dingle;5.5;92;536
Fierce People;6.5;135;241
Hamlet A.D.D.;7.0;95;1036
Sabel;6.2;94;1219
Lady Godiva: Back in the Saddle;5.4;96;96
Orphan;7.1;99;672
New York in the 50's;5.9;72;988
The Fifteen Minute Show;8.8;87;604
Tanner;7.8;75;393
Strike;6.8;104;1158
Touching the Void;8.0;106;628
Runners;7.1;90;1113
Skegs & Skangers;7.4;70;1270
First Time Caller;3.1;81;175
Overkill;6.0;88;189
Love Actually;7.6;135;1054
Keeping Time: The Life, Music & Photography of Milt Hinton;8.1;60;994
Live Freaky Die Freaky;5.0;75;1347
Cyclomania;5.7;93;122
Imagine That;5.6;107;118
Chick Street Fighter;3.6;88;553
James Ellroy's Feast of Death;7.3;90;471
Stuck;6.4;85;420
Welcome Home, Roscoe Jenkins;5.5;104;19
S@motnosc w sieci;4.0;124;1162
Cafe and Tobacco;7.7;90;565
Time of the Wolf;6.6;114;336
Just Add Water;5.6;95;1002
Silence Between Two Thoughts;6.7;95;31
Amber Sunrise;7.9;99;355
The Rose Technique;4.3;97;235
The Anarchist Cookbook;5.1;101;109
Cubbyhouse;3.3;89;481
Vampires: The Turning;3.6;84;541
The Last Hit;6.4;90;458
Deeply;5.9;101;502
Drei Stern Rot;6.6;96;553
Noel;6.2;96;1053
Esta no es la vida privada de Javier Krahe;7.4;85;591
Land der Vernichtung;7.6;140;571
The Legend of Gingko;5.4;117;168
The Cooler;6.9;101;1046
H6: Diario de un asesino;4.5;92;913
El segundo;5.6;89;1206
The Bare Wench Project;3.2;76;771
String Theory;7.5;95;1257
Inside Irvin;5.9;85;130
Leave No Trace;4.5;98;1231
Red Needles;5.8;93;575
The Tulse Luper Suitcases, Part 1: The Moab Story;6.7;127;901
Inside Deep Throat;6.7;89;458
The Abrafaxe: Under the Black Flag;5.8;81;874
Just Like Home;5.4;97;335
Kandukondain Kandukondain;7.6;151;256
Men in the Nude;5.7;94;708
Afsana Dilwalon Ka;3.6;195;1215
The Wild;5.2;95;1187
Esta noche, no;4.8;89;334
Sunday on the Rocks;6.4;75;1065
The Ladykillers;6.2;104;872
Jeunesse dorÃ©e;6.3;85;1036
Vidocq;6.5;98;237
The Waiting Room;6.5;110;1155
Act One;7.8;100;1207
AmericanEast;6.2;110;310
Pao's Story;6.8;98;1117
How I Killed a Saint;6.2;82;1306
The Higher Force;5.6;90;246
Rent;6.9;135;1056
The Man Who Wipes Mirrors;6.3;117;1288
Ash Wednesday;5.9;99;445
The Dreamers;7.2;115;929
Demented;6.4;95;69
Lady Zee;6.3;96;914
Breathtaking;5.2;100;675
Bizarr romÃ¡nc;5.5;100;1215
Pierrepoint: The Last Hangman;7.4;90;789
Monsieur N.;6.7;120;1201
Saturday;6.0;72;448
The Mysterious Miss C.;6.6;108;626
The Informers;5.0;98;147
Te quiero;4.8;85;834
Lovers, Liars and Lunatics;6.6;87;1312
Az egÃ©r elÃ¶szÃ¶r alszik el;4.6;100;1133
Che: Part One;7.2;134;639
Nuan;7.0;109;306
Vacationland;5.0;104;1033
Escort Service;4.4;81;1326
Bunny;6.9;88;1285
Survive Style 5+;7.6;120;710
Quill: The Life of a Guide Dog;7.2;100;86
Escape Under Pressure;3.8;94;961
Collateral;7.5;120;110
Robot Stories;5.9;85;706
Searching for Love;5.6;110;229
Pumpkin;6.1;113;609
Postmark Paradise;7.1;92;1296
Betelnut Bisnis;7.0;52;1218
Evil Eyes;3.3;80;109
Blood Work;6.4;110;1048
Preto no Branco;6.8;88;979
The Promise;5.6;121;926
Toolbox Murders: As It Was;6.9;72;722
My Mother Frank;6.3;95;367
To Sleep Next to Her;6.7;96;1316
Sarhad Paar;4.0;117;1121
Last Orders;6.9;109;904
Sto je Iva snimila 21. listopada 2003.;6.9;92;1062
Boo, Zino & the Snurks;5.2;91;802
Nim's Island;6.0;96;537
The Fittest;6.4;88;1275
All the Real Girls;6.8;108;99
Women's Vices;3.1;90;1186
Caesar's Park;5.5;67;14
Ehsaas: The Feeling;5.6;116;300
HaÃ¯ti: la fin des chimÃ¨res?...;7.5;70;1012
Kung Fu Mahjong;5.7;137;712
Superguy: Behind the Cape;6.7;74;71
Jeannie, bakit ngayon ka lang?;7.4;103;977
The Path;7.9;108;897
Mirror Image;6.7;92;1265
Rakushka;6.9;92;276
Stara basn. Kiedy slonce bylo bogiem;5.4;103;749
The Fallen;5.1;112;992
Snow Day;5.1;89;155
Sweet Revenge;3.9;92;313
48 Shades;5.9;96;542
Beneath;5.4;82;691
O SertÃ£omundo de Suassuna;7.4;80;988
Mura no shashinshuu;7.0;111;163
Intrepid;3.4;90;773
You Are My Sunshine;7.0;121;1008
Oscar;8.2;56;818
CrepÃºsculo rojo;5.9;90;1036
20 Years After;3.2;95;528
It's Happiness: A Polka Documentary;7.3;88;790
B420;6.9;85;448
Walking on the Wild Side;6.6;89;516
Let the Church Say, Amen;6.7;87;32
Ivko's Feast;7.2;110;1029
The Forced March;5.8;116;1308
Closing the Ring;6.5;118;412
The New Jean-Claude;5.5;95;322
Tusuk Jelangkung;6.0;103;847
Naach;4.2;150;566
The Gleaners and I: Two Years Later;7.2;63;1150
Ipanema;6.0;65;658
Mama's Boy;5.2;93;946
Anything for Love;6.2;90;1202
Way of Life;6.6;95;470
First Born;4.8;95;448
Romasanta: The Werewolf Hunt;5.3;90;667
I Love Your Work;5.3;111;901
Shazam!;7.0;132;461
Flies on Cupid;7.5;95;522
Bob, Verushka & the Pursuit of Happiness;7.8;80;366
Paris;6.8;130;863
Dreams of an Angel;8.2;90;858
A League of Ordinary Gentlemen;7.0;93;415
Bal-Can-Can;7.7;89;588
Chick Thing;4.6;97;1162
A Lesson of Belorussian;7.3;53;1352
Teddy Bears' Picnic;4.1;80;1104
Around June;5.0;93;1250
Old Believers;7.8;46;44
Tokyo Marigold;6.6;97;991
My Russia;6.0;93;1181
Send More Candy;4.0;70;994
No Sleep 'til Madison;7.0;85;1153
Dance with the Wind;6.8;132;617
Sweet Sixteen;7.4;106;699
Muertos comunes;5.5;99;777
Acapulco Gold;7.2;84;297
Fatboy: The Movie;7.5;69;797
The Strip;7.2;91;941
Watching the Detectives;6.3;94;571
A Dog Year;6.1;80;385
Stork Day;6.5;90;1212
El Cid: The Legend;5.5;90;1106
Curse of Alcatraz;2.5;100;190
Before the Music Dies;7.7;95;575
Una rosa de Francia;5.2;100;974
The Locker;5.2;71;1112
Sa North Diversion Road;8.5;97;542
Moussaka & Chips;3.3;90;515
The Stolen Man;6.9;91;97
Aging Out;8.2;85;453
Five Dedicated to Ozu;6.6;74;1037
The Tracey Fragments;6.2;77;225
The Southernmost Point;7.7;50;1039
Dead Man's Run;5.6;97;101
Bukak Api;8.2;80;993
Triple Dare;5.5;92;949
Come as You Are;2.6;84;555
The Abduction Club;6.7;96;1189
Comfort the Disturbed, Disturb the Comforted;2.4;76;132
HS - hors service;4.5;95;367
Free Lisl: Fear & Loathing in Denver;8.9;80;52
Gigli;2.5;121;1015
El ladrÃ³n de sueÃ±os;3.1;69;534
Look Both Ways;7.0;100;440
Black Dog Is Coming;6.8;115;127
A luci spente;6.0;90;587
Fuckland;5.0;87;1292
Vanishing Twin;4.7;93;102
Proper Eyes;6.9;80;950
Punk: Attitude;7.5;90;97
Long Night's Journey Into Day;7.1;94;841
Daddy Cool;7.4;84;435
Newenas weite Reise;5.2;85;415
Love Story;7.2;110;49
Brooklyn Babylon;6.0;89;35
Campfire;6.9;96;1098
Fiction (+33);6.5;54;179
Islam: What the West Needs to Know;6.4;98;985
The Biggest Fan;4.8;93;1232
Palais royal!;5.5;110;1248
The Place Promised in Our Early Days;7.0;90;716
90 millas;6.8;105;867
Tony & Tina's Wedding;3.9;110;1254
Aphelium;6.5;70;1277
Mahou Sentai Magiranger vs. Dekaranger;7.2;48;1163
Itlog;7.1;105;1105
A Doula Story;8.2;60;194
Ya kukla;3.3;102;366
Heaven's Bookstore;6.5;111;941
Travail d'arabe;6.9;88;1170
Confronto Final;4.5;98;1236
The Knot;6.2;117;54
Nancy & Frank - A Manhattan Love Story;3.7;94;1096
One Last Dance;5.7;100;1091
Snowbound;4.8;93;310
04:30;6.7;93;774
Garotas do ABC;6.5;130;678
Tekken;4.8;87;1074
The Deadbeat Club;5.9;112;1225
Preto E Branco;5.4;110;965
Capote;7.3;114;526
For Those We Love;5.9;135;1046
Tokyo Tower;6.2;125;953
Bonjour Monsieur Shlomi;7.5;94;150
Premier juillet, le film;5.4;90;83
Hit Team;5.7;94;1265
All That Is Hidden;6.0;120;802
The Curse of the Jade Scorpion;6.7;103;938
The Secret of Moonacre;6.1;103;615
The Inside Story;7.0;85;69
The Life;4.3;87;1067
A Parting Shot;6.7;84;332
Sexe de rue;6.8;86;858
High Crimes;6.4;115;1246
Waitin' to Live;5.8;95;814
Spin;6.3;107;32
Arcibel's Game;7.1;115;466
Go for Broke;7.5;87;433
Love Me Not;6.7;119;1315
All You Got;2.2;93;387
Strings;7.0;92;1184
Lucky Luke and the Daltons;3.3;86;893
El mar;6.8;107;1039
Posledniy uik-end;6.4;91;855
Bandolero;4.9;90;7
Roman Summer;5.8;90;737
Bad Meat;5.3;90;105
Strong Language;5.6;76;318
The Metrosexual;6.8;84;806
Sunny Doll;6.6;84;1314
Hofmann's Potion;7.3;56;1303
An American Letter;6.9;45;24
Never Again as Before;6.2;106;650
Brave New Land;6.5;104;443
Both;6.4;86;797
Settlers;7.4;65;1298
Waterloo po cesku;2.3;95;640
For Sale by Owner;3.8;90;583
El boquete;5.6;83;802
The Whore and the Whale;6.4;120;94
Dirty Soul;5.4;99;467
La fidÃ©litÃ©;5.7;105;1169
Things to Do Before You're 30;5.6;101;546
The Valet;6.5;85;1300
My Lover Is a Sniper: The Movie;5.6;112;1179
Ripley Under Ground;6.0;101;1005
As a Bad Dream;7.9;91;29
Wool 100%;6.5;100;676
Analyze That;5.9;96;780
An American Reunion;6.9;93;55
Walk the Talk;5.6;95;755
Drowned Out;7.9;75;786
Jazzclub - Der frÃ¼he Vogel fÃ¤ngt den Wurm.;6.8;84;308
Women for Sale;4.2;90;567
I.T. - Immatriculation temporaire;6.6;73;1031
Someone Is Sleeping in My Pain: An East-West Macbeth;8.7;96;379
So Far Away;6.1;100;1002
Channels;3.7;107;168
Straight-Jacket;6.5;96;997
Break a Leg;5.2;98;296
Summer Palace;7.1;158;1134
Pirate Radio USA;8.0;84;1172
Surveillance;5.1;90;1347
Yin shi;5.7;116;457
Linha de Passe;7.2;113;377
Die Aufschneider;4.8;92;171
The Last Run;4.8;97;998
Mickybo and Me;7.2;95;156
Heads N TailZ;8.6;91;171
Luck by Chance;7.1;156;970
7/G Rainbow Colony;7.8;185;1004
My Wife's First Lover;4.5;93;933
Diary of the Dead;5.6;95;1094
Girls Never Call;8.1;90;791
Eden;5.7;85;758
9/Tenths;5.2;98;1316
The Pedal Push Car;6.4;92;968
The Duo;5.7;89;337
Sticks;5.4;92;1294
Teenage Hooker Becomes a Killing Machine;4.1;60;1153
Tatooed;6.1;84;1216
Thirteen Days;7.3;145;1206
Moonfish;6.2;124;529
Hanan;6.2;127;188
Remember the Rain;7.2;61;439
Last Resort;7.2;73;1265
Segui le ombre;7.2;90;527
Signs & Wonders;5.9;105;719
So Close to Home;4.8;50;1048
Sexphone & the Lonely Wave;6.8;112;1037
Raising the Stakes;4.8;75;217
Bommarillu;8.2;170;1078
Wild Card;6.6;117;969
Nadine;6.3;100;585
Venus Drowning;5.7;75;1299
Kalyanaraman;7.7;126;1150
The Hole Story;5.7;82;524
Die grÃ¼ne Wolke;4.6;100;51
Police Beat;6.8;80;655
Manos libres;5.7;85;48
Taking Wing;5.4;90;384
The Aryan Couple;6.3;120;692
All About Love;5.9;102;184
Saving Private Tootsie;5.6;95;805
Never Trust a Serial Killer;7.3;101;155
Steal This Movie;6.5;107;838
The Elephant King;6.3;92;478
Think it Over;6.1;100;687
deadend.com;4.2;120;461
Rapture;4.6;89;1071
Luv Text;7.0;104;783
Agnes and His Brothers;6.7;115;971
Foreign Sister;5.9;124;502
Just Trust;4.8;98;1048
Christie Malry's Own Double-Entry;6.5;89;604
The Hidden Wars of Desert Storm;7.7;64;142
Thatta Kedona: The Toy Village of Pakistan;7.4;183;974
After Alice;5.3;100;1026
Runaway;6.5;80;1125
Dating Death;4.3;87;903
Molly in the World;4.9;65;829
The Blues;5.6;97;1014
Normal;5.9;100;1289
Read On;4.6;130;692
Kal Ho Naa Ho;7.9;186;632
Suite Dreams;7.1;136;106
Mysterium Occupation;7.1;90;631
Gang Warz;4.1;97;825
Mourning Rock;8.6;87;426
Two Coyotes;7.2;83;790
Amal;7.5;101;1191
Cold Heart;5.2;95;819
Trapped in Perfection;7.8;89;395
People of Rome;6.3;100;977
The Killing of John Lennon;6.2;114;369
Azucena;7.7;118;187
Il latitante;4.5;104;557
Forgiving the Franklins;6.3;101;552
The Strange Saga of Hiroshi the Freeloading Sex Machine;5.4;64;946
Notte prima degli esami;6.3;100;649
Scandal: 15 Minutes of Fame;5.5;92;347
Flyvende farmor;5.0;82;558
The Three Stooges;5.1;92;1146
All the Stage Is a World;6.2;89;486
Chain of Command;4.6;96;214
Homerun;6.5;108;1203
Ride;6.7;97;438
Ballroom;5.6;94;427
Allegro;6.6;88;956
Shubho Mahurat;7.6;150;355
Dual;3.6;89;1313
Chaos Theory;6.6;87;145
Surrender;4.3;94;975
Water Lilies;6.7;85;133
Pournami;5.8;160;309
Out of Our Dens: The Richard and the Young Lions Story;8.6;47;409
Fakers;5.8;85;166
Somnambulance;6.6;129;1130
Lemming;6.7;129;623
Satang;7.5;129;1262
A Ghost at the Gateway to Time;7.0;90;1001
Chicken Elections;7.5;48;822
A Prairie Home Companion;6.7;105;998
Border Lost;4.1;105;629
Three Shades of Black;6.1;90;1107
Developing Sheldon;8.5;78;124
Bang Rajan;6.7;113;459
The Mumbo Jumbo;4.5;82;892
At the Right Moment;4.1;95;864
Platform;7.4;154;93
Make It Happen;5.5;90;144
The Core;5.5;135;721
The Camera I;7.6;75;970
De Madrid a la Lluna;6.6;90;835
Louise's Wedding;6.2;80;246
Where the Red Fern Grows;6.4;86;19
Reverend Billy and the Church of Stop Shopping;8.2;60;1211
This Child of Mine;4.9;70;596
The Wind in the Evening;6.4;92;1319
Loaded Gun: Life and Death and Dickinson;7.4;60;687
Babylon A.D.;5.6;90;376
At Dawn They Sleep;2.3;80;504
Fired!;5.6;71;934
The Operating Theatre;8.0;86;353
Caterpillar Wish;6.8;100;255
All About My Dog;6.9;96;67
What a Girl Wants;5.8;105;357
River's End;5.3;90;1104
Party;5.8;88;1203
TÃ¡nger;4.0;100;257
Epoca: The Making of History;7.4;90;470
White Trash;4.7;92;474
Senses;6.9;111;511
Soul;5.4;108;1001
The Whole Shebang;5.8;97;769
Roues libres;7.7;85;996
Down the P.C.H.;4.5;95;312
Death Knows Your Name;3.5;88;1242
The Hunting Party;6.8;101;1321
I.P.O.;7.2;84;497
Rocks at Whiskey Trench;7.5;106;342
Dark Streets;4.4;83;297
Mockingbird Don't Sing;6.5;98;433
Travelers and Magicians;7.4;108;1266
Mr. Bean's Holiday;6.4;90;933
Dream Boy;6.2;88;180
At the Lake;6.2;45;1133
Acts of Worship;6.4;94;608
Enfin pris?;6.8;93;538
The Big Buy: Tom DeLay's Stolen Congress;6.7;75;448
Capital (Todo el mundo va a Buenos Aires);8.6;119;956
Screamin' Jay Hawkins: I Put a Spell on Me;7.6;102;524
The Ragu Incident;7.3;78;934
Scoutman;6.1;114;865
Travelling Light;4.9;88;231
Boutique;6.5;113;724
The Diving Bell and the Butterfly;8.0;112;397
The Peacekeepers;6.9;83;944
It's Better to Be Wanted for Murder Than Not to Be Wanted at All;6.9;127;774
Vegas Vampires;2.1;89;534
Yes;6.7;100;1298
Advertising Rules!;5.8;108;1042
Love and a Bullet;5.1;85;1033
Dark Horse;7.2;109;776
100% Human;6.0;73;1006
World on Fire;7.4;89;284
Super Amigos;7.3;82;1035
The Butterfly;6.1;116;1108
Very Opposite Sexes;5.4;86;538
DiÃ¡rio de Um Novo Mundo;6.2;94;1011
DÃ­as de boda;5.3;90;504
Cowboy Up;5.6;105;868
Detective Lovelorn und die Rache des Pharao;6.8;87;275
Blacktown;6.6;92;971
Dark Asylum;4.2;83;1137
Girl's Best Friend;4.7;102;1050
Uuliin Tumur;8.4;107;809
Yau ching yam shui baau;5.8;99;999
Son;5.3;125;1261
This Obedience;7.9;83;298
S Diary;6.0;106;674
Method;4.4;93;271
Astitva;7.3;109;1029
King Leopold's Ghost;7.6;108;1123
Teenage Wasteland;6.1;67;133
Dinner and a Movie;7.7;85;317
Monster's Ball;7.0;111;256
Amen, Somen and Rugger Men!;5.1;85;1136
Missing Object;7.6;100;432
Shooters;5.6;95;874
Spinning Into Butter;4.3;86;1124
Sotto la luna di Scampia;6.3;92;1073
Kalamazoo?;4.6;107;1203
Ski Jumping Pairs: Road to Torino 2006;7.7;82;35
Toi;4.4;87;90
Recoil;4.1;90;635
A Four Course Meal;7.5;95;517
Stealth;5.1;121;1136
AnÃ©sia - Um VÃ´o no Tempo;7.7;73;618
Sinterklaas en het uur van de waarheid;5.3;119;1048
Kabhi Khushi Kabhie Gham...;7.4;210;641
That Time of Year;7.2;108;100
Insaaf: The Justice;4.0;136;578
Ezra;6.4;110;301
A Bittersweet Life;7.6;119;1052
Detroit;5.3;95;106
17 to 18;4.5;86;573
The Art of Selling;6.6;86;59
Small Mall;7.4;67;629
How to Deal;5.6;101;503
Strange Attractor;5.9;85;860
Gangster A Love Story;7.1;123;1079
Lake Mungo;6.3;87;1079
Samaritan Girl;7.1;97;322
Once Upon a Midnight Dreary;6.1;112;854
Mangal Pandey: The Rising;6.6;150;539
Universal Signs;5.7;100;764
Noise;6.7;108;977
Beau Jest;5.7;98;766
Sleeping Dogs Lie;5.8;87;475
Hilde's Journey;6.4;90;15
Coffin Joe: The Strange World of JosÃ© Mojica Marins;7.0;65;15
Pic-Pic, AndrÃ© et leurs amis;6.9;49;1277
The Backdancers!;6.0;117;1097
Love Trap;6.4;105;227
Laysa Laysa;6.1;154;227
Behind Me - Bruno Ganz;6.2;85;1192
Household Accounts;6.2;93;1092
Train Man;6.6;105;1154
A Year Ago in Winter;7.2;129;575
Wake Up Morocco;3.5;110;526
Tears for Sale;6.9;86;427
I Always Wanted to Be a Saint;6.2;90;867
Frozen Days;6.9;90;1237
Tancul;6.1;67;344
Welcome Home;6.5;90;888
The Movie Hero;6.5;98;81
Hat Trick;7.8;82;1205
So Glad I Made It;8.3;111;716
3 petites filles;5.4;102;476
Moscow Heat;2.4;90;407
Animated Corpse;5.9;143;855
Love & Other Drugs;6.7;112;11
Wonderful World;6.1;89;57
Seven and a Half;7.9;106;778
Il prezzo;7.8;110;1209
Pavlov's Dogs;5.8;70;192
PuskÃ¡s Hungary;8.7;116;803
Inner Circle Line;7.8;95;558
Daltry Calhoun;5.1;100;357
California Dreamin';7.8;155;757
Il nostro matrimonio Ã¨ in crisi;5.8;91;204
The Ritual;5.1;89;1076
Pressure Point;4.2;90;210
PEZheads: The Movie;7.1;74;1358
Slushatel;6.9;94;432
Dragon Head;5.6;122;409
Slipstream;4.6;89;221
The War on the War on Drugs;6.0;87;774
Shake Rattle and Roll 8;6.7;134;295
Pere;5.7;88;399
The French Guy;6.6;82;792
Tom;6.7;75;788
Table One;4.9;90;145
Dead Weight;6.0;107;749
Mega Scorpions;4.3;73;371
Backgammon;6.3;95;427
Annas Sommer;5.6;107;181
Henker - Der Tod hat ein Gesicht;7.4;84;503
BortglÃ¶mda;6.7;90;743
Latitude Zero;6.4;85;932
Risk/Reward;7.7;88;262
Kontorstid;4.8;106;1122
Anokha Moti;7.3;86;670
Soul Searcher;4.0;98;111
Garrincha: Lonely Star;5.0;106;930
Zaman mi-istad;4.3;80;766
My Brother's Wife;6.1;89;1332
Juno;7.4;96;646
The Edukators;7.5;127;621
Sprung! The Magic Roundabout;5.2;85;1319
Little Nicky;5.3;90;95
Killing Mad Dogs;7.7;135;290
Valerie & Sid;8.4;105;982
Married to the Mafia;6.1;113;470
Blessed Is the Match;7.0;86;865
The Foot Fist Way;6.3;85;202
Viva LaldjÃ©rie;5.7;113;61
Secrets of a Chambermaid;5.1;99;101
Chinese Odyssey 2002;7.0;97;715
Le parfum de la dame en noir;5.7;115;1090
Barbara James;6.8;80;200
Through the Eyes of Another;6.4;105;215
Visions of Europe;5.9;140;1182
Spring of Life;6.7;107;766
One Eye Red;4.6;91;62
Paid in Full;7.1;97;873
Ballen i Ã¸yet;4.6;81;623
The Bike Squad;3.1;79;327
Scorched;6.0;95;746
Low Heights;7.4;115;347
White Smoke;5.4;113;777
Eve DÃ¶nÃ¼s;6.8;101;1320
Globi and the Stolen Shadows;4.0;72;249
Along the Road Little Child;6.8;79;369
The Heart's Root;5.6;118;640
Target Audience 9.1;6.2;100;1314
The Horror Seasons;3.4;80;1344
Hunters in the Snow;7.3;86;726
The Last Winter;5.6;101;91
Nicky's Birthday Camera;7.3;90;836
AtravÃ©s da Janela;5.6;82;411
18-May;7.0;120;161
The Singles Ward;6.4;102;846
Chinpira;7.0;109;1138
Christmas with the Kranks;5.4;99;1063
Alefbay-e afghan;7.0;45;679
Crazy Eights;3.9;80;955
The King's Beard;6.7;73;618
The Virgin of Juarez;4.8;90;778
Great Communist Bank Robbery;7.1;75;250
AranyvÃ¡ros;4.5;78;521
Crouching Tiger, Hidden Dragon;7.8;120;787
Guardian of the Realm;3.9;111;186
Fantastipo;5.8;109;1261
Alexander;5.6;175;529
Okkadunnadu;7.4;119;610
Bitten: Victoria's Shadow;6.4;80;1130
Urban Legends: Final Cut;4.3;97;820
Km. 0 - Kilometer Zero;7.0;108;268
Bunker - Die letzten Tage;8.1;83;986
Beneath Clouds;7.0;90;378
The Bondage;8.2;100;604
Flying Boys;6.2;119;221
Juvenile;5.9;100;166
Shanghai Knights;6.2;114;267
Harrison's Flowers;7.1;130;1289
Maroa;6.5;102;298
Zapada, una comedia beat;5.3;76;491
Pornography;6.4;117;1305
Transporter 2;6.3;87;91
Hit & Run;6.9;45;518
Warden of the Dead;6.9;105;1233
Herzlutschen;4.5;107;222
Helter Skelter;5.0;60;1323
The Assassin;5.7;111;282
Beyond the Gates of Splendor;7.4;96;387
Echoes;6.2;72;124
Clara et moi;6.5;81;585
5 Days;7.8;94;606
If I Should Fall from Grace: The Shane MacGowan Story;7.4;91;1159
Tootletubs & Jyro;7.3;65;1222
Queenie & King, the Lovers;4.3;90;1004
The Toybox;3.7;81;1051
The Anniversary Party;6.3;115;1236
Spam;6.8;84;398
Perfume: The Story of a Murderer;7.5;147;1084
Dunechka;6.8;97;161
Sally;4.6;79;752
Running with Arnold;4.4;72;863
Telma demain;6.4;48;253
Pobeg;5.6;110;628
Julia;7.0;144;209
Tsuribaka nisshi 15: Hama-chan ni asu wa nai?;6.2;106;947
Christmas in the Clouds;6.5;96;767
Hank Williams First Nation;6.1;92;125
In My Parents' Basement;7.7;57;288
Timecrimes;7.2;92;899
Higher Still;5.0;85;806
Women Without Wings;6.7;109;41
Jing sheng jian jiao;6.3;85;1213
Kopf oder Zahl;2.7;94;755
Cattle Call;3.7;83;728
Burn with Me;5.4;105;322
VolverÃ¡s;6.5;102;1023
Rescue Heroes: The Movie;5.9;83;70
Flying Tiger;4.5;120;1132
Eqvsi da shvidi;7.6;67;75
Stray Dogs;6.2;97;478
Engel & Joe;6.5;93;1163
Bad Boy;5.0;83;793
420;7.1;116;959
1805;4.3;93;726
Christmas in August;5.7;102;1318
A Sicilian Miracle;6.4;90;1296
Metropol kabusu;5.4;80;1192
True Men;8.0;81;1258
Star Trek;7.9;127;223
Suburban Mayhem;5.9;95;560
Risotto;3.7;95;1119
House of Angels;4.8;109;749
Iyarkai;7.4;142;1291
Sugar & Spice;5.7;81;379
Hanging Up;4.9;94;943
Fighting to Survive;6.0;96;1309
The Waimate Conspiracy;2.8;101;591
Behind Enemy Lines;6.4;106;572
Food of Love;6.0;112;1252
Generation P;6.8;112;5
Wannabes;5.8;110;464
Sky Hook;8.1;95;901
Catch That Kid;5.2;91;178
Kaho Naa... Pyaar Hai;6.9;172;835
Sennenbi;6.9;90;1046
Evig din;7.7;52;350
Vive la vie;5.4;98;216
GB: 2525;7.7;89;905
El Ã¡rbol;6.5;65;54
Kate: The Taming of the Shrew;6.2;77;607
Jarmark Europa;9.0;124;280
Local Color;6.9;107;370
Black Sorority Project: The Exodus;8.6;45;810
Untouched by the West;6.7;104;548
The Man of No Return;6.8;104;1130
Bikini Bash;6.9;110;529
Furtivo;6.4;82;1204
Workingman's Death;8.0;122;466
How to Seduce Difficult Women;4.4;94;633
Fish Can't Fly;7.0;83;922
Seven Days to Live;5.2;96;352
The Secret of Kells;7.6;71;10
The Aura;7.1;134;193
Dark Spells;2.9;95;375
Infamy;7.2;91;525
Diamond Men;7.0;100;786
Dark Water Rising: Survival Stories of Hurricane Katrina Animal Rescues;6.3;75;119
Robbing Peter;7.4;95;228
Next Step;5.5;110;167
GalÃ­ndez;6.3;85;1192
Say Amen;8.4;65;844
Prityazhenie;3.7;79;594
Thirst;6.3;65;62
The American Standards;4.1;94;69
Vestido de Noiva;6.2;112;943
GokudÃ´ seisen: Jihaado;6.6;99;749
VonÃ­s jako tenkrÃ¡t;5.7;86;232
The White Countess;6.6;135;257
The Iron Ladies;6.4;104;157
De vriendschap;5.2;108;8
Knowing Richard Black;5.7;75;955
We Feed the World;7.6;96;429
Doing Therapy;7.3;98;1192
Bewitched;4.8;102;248
Il cielo cade;6.5;102;526
Gretchen;5.7;98;114
ÃšcastnÃ­ci zÃ¡jezdu;6.1;113;615
Tutto in quella notte;5.1;96;1252
Chellame;6.1;155;1132
Quand je serai star;4.8;114;334
Zenith;7.5;60;938
Eiko;5.3;108;834
AnjÃ©: The Legend of the Pyrenees;4.1;72;749
I Am from Titov Veles;6.2;102;3
The Cellar Door;4.1;86;294
The Grudge 2;5.1;102;956
Old Men in New Cars: In China They Eat Dogs II;6.8;95;661
Nana;7.1;113;1109
Nowheresville;6.9;85;910
Hot Chicks;6.4;100;321
TrÃ¨s bien, merci;6.5;102;538
Light Years Away;5.3;97;392
The Invisible Children;6.9;90;482
The Sovereign's Servant;5.9;131;647
Zulu Love Letter;6.5;100;317
Campfire Stories;3.1;95;589
Vergeet me niet;7.3;55;1000
Castells;8.2;88;525
The Journey to Kafiristan;6.1;101;1265
Ruby Blue;6.8;106;211
A Bird of the Air;6.6;108;932
Better Housekeeping;6.8;90;424
Get a Way;8.3;88;560
Black Book;7.7;145;477
Every Secret Thing;5.6;85;412
Cold Prey;6.3;97;49
Zuzu Angel;6.9;108;1120
Viruddh... Family Comes First;7.1;132;1295
The Calling;4.9;116;346
Days of Santiago;7.2;83;531
Somersault;6.7;106;154
King of the Avenue;3.9;83;671
Love;7.0;110;1224
Las Vegas Warrior;4.0;93;648
Jack's House;3.4;90;816
Barbershop 2: Back in Business;5.7;106;474
Sans Kapiyi Kirinca;6.2;107;1089
Trei frati de belea;6.4;105;650
After This Our Exile;6.8;121;315
RaÃºl Barboza, el sentimiento de abrazar;8.2;72;1016
Big Brother;3.8;128;774
As an Act of Protest;7.1;144;514
H.H. Holmes: America's First Serial Killer;6.3;64;1370
Holy Daddy;6.7;105;181
Happy New Year London;6.2;90;54
TÃ´kyÃ´ genpatsu;6.7;110;460
FÃ©;8.1;91;1263
Un mundo raro;6.7;100;1133
Missionary Man;5.1;93;795
Je n'aime que toi;5.7;105;1233
Spirited Away;8.6;125;309
A herceg haladÃ©ka;6.0;92;157
Winter Passing;6.3;98;14
Run Robot Run!;6.6;82;71
Rat Race;6.4;112;755
Wondrous Oblivion;7.0;106;643
All Tomorrow's Parties;7.1;82;777
We Are the Strange;5.6;88;928
Heights;6.8;93;688
Heatstroke;3.0;83;630
Bulgarian Lovers;5.7;101;1060
Paragraph 175;7.7;81;92
Au large de Bad Ragaz;7.4;105;1299
Tatin sin;7.5;94;229
A Housekeeper;6.2;91;780
Mere Jeevan Saathi;3.5;129;449
The Urban Demographic;5.2;93;1290
Days Like This;5.4;95;553
Just Hustle;7.3;85;78
Unconscious;7.2;100;968
Men's Hockey;8.7;53;1083
On the Fringes of SÃ£o Paulo: Homeless;7.5;72;730
Kalahandi;7.6;45;404
Wedding Daze;5.6;91;719
Identity;7.3;90;546
Borders;5.5;105;375
Careless;4.8;90;1154
Maria am Wasser;7.0;100;639
Kill Your Darlings;4.6;94;1018
The Gravel Road;8.1;92;414
Dear Pillow;5.6;85;233
Dragonfly;6.1;104;904
I Love You, Me Too;2.5;99;1044
The Scoundrel's Wife;5.9;95;226
The Wild Parrots of Telegraph Hill;7.8;83;932
The Faces of the Moon;5.8;112;576
Fire and Ice: The Rocket Richard Riot;7.4;47;1150
Caterina in the Big City;6.7;107;598
Confessions of a Burning Man;6.7;83;836
Svyato;7.4;45;672
One Love;6.4;100;1279
Zero Degrees of Separation;6.7;85;127
Meier 19;7.1;100;860
Shadow Skill: Secret of the Kurudan Style;5.7;60;654
For the Love of a Dog;4.9;90;1006
Mindbenders;5.9;90;1273
Alas-dose;5.7;120;750
Jerry;6.3;96;231
Murderers;6.0;98;783
Hero;7.9;120;1052
Cuentito de navidad;3.0;62;1279
Breathing Hard;8.2;93;277
Like Chef, Like God;5.6;96;1154
Karam;5.5;117;849
Vivere;6.3;97;448
Too Young to Die;6.4;67;387
The Showdown;5.8;86;858
Allari Bullodu;3.0;175;232
The Neighborhood;7.1;80;1354
Track 16;7.1;90;980
Let's Play House;5.6;99;317
Mafia.com;5.4;90;306
The Quality of Light;5.6;81;724
Try to Remember: The Fantasticks;7.6;57;1307
Portret podwÃ³jny;5.5;114;320
TÃ¼rev;6.5;91;1254
Jails, Hospitals & Hip-Hop;7.8;90;465
OCD: The War Inside;7.7;72;1188
In Casablanca, Angels Don't Fly;7.5;94;1244
Ceija stojka;7.2;87;85
Temptation;6.8;86;449
Pacala se Ã®ntoarce;4.7;150;625
American Cowslip;5.1;107;959
Adriana;6.3;102;1237
The Gathering!;7.2;129;693
Coyote Ugly;5.7;100;643
Kukk Khata Khuni;6.2;180;720
Trail of the Screaming Forehead;6.0;88;72
Moon Child;6.4;120;304
Black Christmas;4.6;95;634
Hanuman;7.5;89;837
Hollywood Unscripted: A Chaos Theory;7.9;95;774
Visitas;7.2;90;843
Tutto l'amore che c'Ã¨;6.5;95;809
The Salon;4.1;90;764
The Cabbie;7.1;94;62
La visa loca;7.6;105;800
Shot in the Face;7.3;78;259
Wolfsbergen;6.1;93;1067
White Rainbow;6.9;94;1165
Roots and Branches;6.6;95;14
Skipped Parts;6.3;100;33
Battle of the Warriors;6.7;133;515
Lawstorant;4.8;104;618
The Silly Age;6.6;90;814
107 Street;5.8;90;289
Splendid Float;5.6;73;1186
Blood Kiss;5.5;80;180
The Heir Apparent: Largo Winch;6.5;108;1182
Three Suns;2.7;102;1120
Tannka;4.1;100;936
The Private Public;4.2;90;441
Ellos robaron la picha de Hitler;3.4;76;388
The Captain's Daughter;6.5;130;933
Earth and Ashes;7.7;102;850
Em Volta;4.9;107;1004
Race You to the Bottom;5.0;73;1302
Tom, Dick, and Harry;3.1;137;931
Fairytales and Pornography;6.2;80;698
The Island;7.9;112;1268
Smile & Wave;7.5;91;1227
Sitting Ducks;7.7;83;250
Veer-Zaara;7.8;192;72
Gwangsigog;6.5;102;635
Olsenbanden Junior gÃ¥r under vann;4.9;95;1241
Death Note: The Last Name;7.2;141;774
Viajeros;5.0;90;1161
Finding Rin Tin Tin;5.1;90;925
Buy Bye Beauty;3.2;84;73
Battle Royale II;4.7;155;742
Happy Family;5.4;82;967
Descent;4.8;104;506
Casino Royale;8.0;144;531
Brothers;7.1;105;1088
Public Lighting;6.8;76;265
Unearthed;2.4;126;286
Smokin' Stogies;3.7;98;220
Cut Sleeve Boys;6.0;86;510
Tupac Shakur: Thug Angel;7.8;92;979
I Spy;5.4;97;934
La torre de Suso;6.5;95;612
Subway Cafe;8.2;71;1258
By the Sea;5.4;95;775
Fucking Different;4.2;88;705
Much Ado About Something;7.1;70;937
The Wind;2.4;90;394
Sexgunsmoney@20;8.5;115;671
Gaea Girls;7.4;104;195
Crazy Love;7.1;90;1223
Paper Cut;7.6;87;499
Facing Windows;7.3;106;409
Only the Strong Survive;6.5;95;781
Ludgers Fall;7.2;95;217
La Tregua;4.2;101;316
Hammerboy;5.7;80;680
The Cleansing Rites;7.8;105;242
El arte del espÃ­ritu;8.0;55;1057
Turbulence;5.5;95;213
Ladies and Gentlemen Over 65;7.1;70;331
Record;4.2;90;1310
Blue Belgium;4.3;93;13
A Previous Engagement;5.7;118;721
Autobahnraser;4.8;87;19
Hope and Play;6.9;101;58
Glissando;6.9;72;711
The Faithful and the Foul;7.7;75;1058
Elixir of Love;5.6;105;560
Postal;4.5;100;243
The Gospel of Lou;5.3;72;553
Kya Kehna;5.9;155;399
Forever Strong;7.2;112;52
The Adventures of Felix;6.7;95;861
At the Edge of the Earth;7.8;75;807
Americanos: Latino Life in the United States;8.0;81;761
Bums' Paradise;7.8;53;845
Hawaii, Oslo;7.0;125;1151
Priceless;7.0;106;1266
Callback;9.2;81;1049
Quills;7.3;124;1152
My Dog Skip;7.0;95;884
KrÃ³tka histeria czasu;4.5;91;1283
Wenn die Liebe flÃ¶ten geht;5.4;85;505
Amy's Orgasm;5.2;87;828
Touched;6.0;90;641
Alexandria;6.9;110;436
Haft parde;5.4;90;252
Grizzly II: Revenge;3.6;74;430
The Final Cut;6.2;95;6
Morphine;6.6;133;604
Shadows of a Leader: Qaddafi's Female Bodyguards;8.5;59;431
Don't Die Too Hard!;5.8;92;1317
Asta e;7.9;92;17
Frozen Stupid;6.4;102;490
The Smokers;2.9;96;1251
Speakers for the Dead;7.7;48;630
On the Downlow;5.7;84;286
The Goddess of 1967;6.9;119;1168
Vera Drake;7.6;125;271
The Undefeated;6.5;109;293
Austin Powers in Goldmember;6.2;94;265
Wings of Glass;5.7;105;1111
The Legend of Bhagat Singh;8.1;155;945
Who's Your Monkey?;5.5;87;432
Youth in Revolt;6.4;90;695
Action Jackson;3.3;144;594
Katrina Diary;8.6;48;945
Disarm;7.4;67;1338
See you later Cowabunga: La maldiciÃ³n del cenachero diabÃ³lico!;5.5;70;1327
Pirates of the Caribbean: The Curse of the Black Pearl;8.0;143;1100
Tracks;4.9;92;1035
Madness;4.8;96;1162
Home Front;6.6;94;676
Words of My Perfect Teacher;7.1;103;16
Lepel;6.4;96;1160
Wal-Mart: The High Cost of Low Price;6.8;98;689
Unprecedented: The 2000 Presidential Election;7.6;50;701
Chasing the Lotus;8.6;88;1284
Goal Club;7.5;99;192
Historias del desencanto;7.2;120;952
Pickpocket;7.0;112;108
Zulo;4.6;82;9
Eila;6.5;94;570
Stragglers;3.0;86;392
NightMoves;6.7;50;935
The Painting;6.0;97;673
Y tu mamÃ¡... tambiÃ©n es narca;5.9;90;725
Still Green;4.0;89;1074
A Boy's Life;8.0;77;475
Visitor Q;6.6;84;857
Denk ich an Deutschland - Herr Wichmann von der CDU;7.7;80;712
Antikiller;5.6;114;756
Psych:9;4.4;98;668
Mozart and the Whale;6.9;94;1303
Sol Goode;5.4;99;203
Dios los crÃ­a 2;7.6;137;940
Bens Confiscados;6.6;108;62
At Midnight and a Half;6.1;95;367
Palabra por palabra;7.1;105;598
The Galgali Family and Dracula;4.9;85;154
Snow Dogs;5.2;99;81
Filmmakers vs. Tycoons;7.3;97;774
Headnoise;6.7;90;1137
Romulus, My Father;6.6;104;287
Ordinary Madness;6.4;89;85
Ã€ hauteur d'homme;7.9;95;248
Carriers;6.0;85;108
Justice;7.4;100;931
Salty Air;7.1;87;376
Happy End: Every Story Needs an End;5.9;102;1100
Satellite;6.7;100;706
Gangland;2.8;90;1312
Les liens;8.2;93;169
Coma Girl: The State of Grace;7.8;70;94
Tupac Shakur: Before I Wake...;7.3;100;539
Mister V.;6.0;90;199
Vitus;7.6;100;664
Days of Darkness;3.9;89;1231
Summerhood;6.5;88;937
Bright Leaves;7.1;107;501
Match Point;7.6;124;902
Red: The Dark Side;3.3;148;382
CafÃ© solo o con ellas;5.1;94;364
The Humanist;6.1;95;16
In My Father's Den;7.5;127;1146
The Thundering 8th;7.9;100;913
Shikaar;3.4;135;271
The Sound of Rio: Brasileirinho;7.4;90;905
PapÃ¡ se volviÃ³ loco;3.5;90;152
Inju: The Beast in the Shadow;5.4;105;697
Danny's Wish;6.6;98;929
Tarfaya;6.3;97;840
Time of the Wolf;6.3;87;1026
The Garden Was Full of Moon;7.3;115;1316
Meet the Mobsters;6.0;88;389
The Shirt;4.8;85;649
Dark Blue;6.6;118;480
Quarter Life Crisis;2.9;90;759
Jail Breakers;6.2;121;10
Fire & Water;8.0;119;1030
Back in Business;4.1;86;399
The Consequences of Love;7.5;100;512
Loving Him;5.9;90;367
The Ritchie Boys;7.5;90;394
Awake;6.5;84;867
The Butterfly Effect 2;4.5;92;523
Khullam Khulla Pyaar Karen;4.1;155;124
Bharathi;7.2;149;1263
Solitude at the End of the World;7.0;52;356
Technocalyps;7.4;156;354
The Patriot;7.2;165;1076
False Start;5.9;90;1042
Pistolero;4.0;110;145
Life in a Metro;7.4;132;689
Mongolian Ping Pong;6.6;102;430
Slipdream;5.5;85;222
Berga: Soldiers of Another War;7.7;96;71
Rivers and Tides: Andy Goldsworthy Working with Time;7.9;90;1313
The Queen of Sheba Meets the Atom Man;7.1;110;1140
Big Eden;7.3;118;347
Love's Lone Flower;6.9;108;467
The Guatemalan Handshake;6.1;98;2
Wolfsburg;7.2;90;549
Biglang liko;6.0;90;1348
Siete mesas de billar francÃ©s;6.6;116;1289
How I Killed My Father;6.9;98;1188
Code 46;6.2;93;112
Gentleman B.;5.3;89;407
Visions of the Palio;9.0;55;408
Naran;7.2;150;31
Disc;8.0;105;670
Life with Big Cats;6.7;53;385
Year of the Fish;6.3;96;57
Footpath;5.3;164;192
Is It Really So Strange?;6.4;81;1171
God Has a Rap Sheet;6.7;118;135
Gangsters;6.4;90;509
Woman Thou Art Loosed;6.7;94;97
September 12th;8.7;77;752
Killer Pad;4.0;84;1225
Goal II: Living the Dream;5.9;115;873
Persepolis;8.0;96;703
The Empty Acre;4.2;103;895
Sanctimony;2.6;87;605
Rulers and Dealers;5.4;93;1266
Kung Fu Dunk;4.9;100;706
Cold Showers;6.1;102;210
Welcome to Switzerland;5.1;105;482
Devadoothan;7.5;158;268
Revolver;6.4;111;1111
Draining Lizards;5.3;104;1136
The Kid Stays in the Picture;7.3;93;596
The Treasure of Thomas Beale;8.9;53;10
Cuban Rafters;7.3;120;756
Green Dragon;6.1;115;519
Fool's Gold;5.8;55;1372
Trivial;4.9;103;1321
Zodiac Sign;5.8;97;310
W.C.;3.8;80;639
One Man Show: A Musical Documentary;7.2;74;807
Three of a Kind;4.7;102;1228
Alla fine della notte;6.0;93;1039
The Last Day;6.1;104;757
Kiltro;5.7;93;486
Phase IV;5.0;103;767
The Hobbit: An Unexpected Journey;7.8;169;1077
Billa No. 786;4.5;140;838
Rails & Ties;6.7;101;575
Fiddlers Walk;6.8;75;141
1,99 - Um Supermercado Que Vende Palavras;5.4;72;366
Los que quisieron matar a Franco;5.9;95;1227
Shopner Desh;6.5;100;990
Asakusa Kid;6.9;111;671
L'oeil de l'autre;5.5;84;990
Odd Little Man;6.4;88;449
Selkie;5.8;88;196
Demonic Beauty;5.7;105;173
Wheels of Fortune;7.2;70;402
School Killer;4.2;86;109
Noam Chomsky: Rebel Without a Pause;7.2;74;484
Med kameran som trÃ¶st, del 2;7.3;76;1290
The Last Fuck;6.7;70;110
December Boys;6.5;105;429
Early in the Morning;6.8;75;303
Like a Brother;5.6;54;853
My Name Was Sabina Spielrein;6.2;90;990
Et steinkast unna;6.0;51;967
The Hard Word;6.0;102;993
America's Sweethearts;5.7;102;1165
Falling Like This;6.1;94;1293
Silicon Valley;7.2;83;802
En Route;5.9;80;1353
Scorpion;5.4;98;952
An Impossible Crime;6.2;100;1153
Carreiras;7.1;72;964
La fabbrica del vapore;7.8;90;137
Dynamite;4.6;95;150
Mr In-Between;6.4;98;267
The Living and the Dead;5.9;83;770
Bungee Jumping of Their Own;7.0;107;721
The Messenger;7.1;113;591
Captain Alatriste: The Spanish Musketeer;6.1;145;302
Spooked;4.9;94;98
Bearing Witness;8.4;90;121
Poison Dust;6.9;84;603
Casshern;6.1;142;852
The Wall Man;5.0;98;550
Gitmo;6.4;82;810
Chopin. Pragnienie milosci;5.0;134;956
Andarivaadu;4.5;162;352
Le chignon d'Olga;6.8;96;1179
Satan Hates You;4.3;94;1251
Vacation;6.3;91;1291
Something That Sticks;8.1;70;1276
My First Mister;7.1;109;121
Enemies of Happiness;7.6;58;16
Mitr: My Friend;6.9;104;963
Threat of Exposure;3.9;90;837
Traffic Signal;6.6;130;1029
Isabella;7.0;91;534
Madurey;4.4;145;1066
Either Me or My Auntie;5.3;90;1291
O Signo do Caos;6.8;80;1183
Volver;7.6;121;1071
Give Me Your Soul...;6.1;82;498
Torque;4.1;84;902
Under the Same Sky;7.3;86;1002
1 Giant Leap;7.7;155;98
Bart Got a Room;5.6;80;179
Melanoma My Love;6.2;113;364
Riding Up Front;7.1;106;1120
Googoosh: Iran's Daughter;6.5;158;1060
Quartet for Two;7.2;104;960
In Good Company;6.2;96;38
CafunÃ©;6.2;92;533
Dil;7.0;180;79
Durchfahrtsland;7.8;91;104
Miffo;5.7;105;409
RomÃ©o et Juliette;4.8;105;887
Cialo;6.3;98;732
Dead Flesh;7.6;79;653
Oh, What a Lovely Tea Party;6.7;90;140
Oil & Water;5.9;95;409
Arizona Summer;4.7;102;184
Biohazardous;3.4;95;162
Mujer sin un destino;6.8;82;285
Making Waves;7.7;64;1370
Black Sea Raid;3.5;82;1217
Dororo;6.4;139;741
Reckless Indifference;7.1;94;99
Baran;7.8;94;779
Seabiscuit;7.3;140;741
Killer Tattoo;6.3;114;38
The Fantasticks;5.6;86;256
Charlie Butterfly;4.3;100;1270
Filhaal...;5.5;151;1227
Septem8er Tapes;5.7;95;455
Straight Right;5.9;81;859
Meine Frau, meine Freunde und ich;5.6;84;901
Checkout;5.1;100;485
Date Movie;2.8;83;972
El asadito;7.0;71;386
Marche et rÃªve! Les homards de l'utopie;6.7;97;73
Wild in the Streets;8.2;82;767
Alt for Norge;5.9;92;378
Black Days;7.5;123;477
Ang alamat ng lawin;4.9;100;4
Beyond the Wall of Sleep;2.8;84;922
Chalk;6.2;85;491
Secret Lives: Hidden Children and Their Rescuers During WWII;8.3;90;580
Carrego Comigo;8.3;70;328
Charlie the Ox;8.0;93;487
Die Martins-Passion;7.6;96;1162
Angli: The Movie;3.7;114;1203
Retrieval;6.5;103;751
Ek Aur Ek Gyarah: By Hook or by Crook;5.2;144;663
Vallavan;4.7;118;1200
The New World;6.7;135;820
Rachel's Attic;3.6;112;268
Auto Shankar;5.0;170;459
Baliktaran: Si Ace at si Daisy;5.0;115;1182
The Music Man;7.5;107;1332
Art City 3: A Ruling Passion;7.2;58;829
Son of Man;6.5;86;465
Escape to Canada;6.8;80;707
Accepted;6.4;93;201
Black Jack;4.8;81;116
La rÃ©pÃ©tition;6.0;96;265
Free;7.3;96;1112
Fed Up;5.9;93;1093
Friends Forever;8.0;80;584
Thirteen Conversations About One Thing;7.0;104;17
North Country;7.3;126;841
S&man;5.7;84;194
Ghost Town: The Movie;4.1;115;887
Nemmeno il destino;7.0;110;440
The Samurai I Loved;7.1;131;493
Ed Gein;5.5;89;1345
Time Pass;4.2;88;667
Cop Unbowed;5.2;85;357
Heftig og begeistret - pÃ¥ sangens vinger;4.4;103;320
Quartier V.I.P.;3.7;99;133
Infection;5.7;105;1104
Ah yoo redi?;4.9;108;1222
Stonewashed;6.3;57;109
One Missed Call;6.2;112;358
Give and Take, and Take;6.9;80;1286
My Name Is Buttons;8.2;80;61
Don't Stop Dreaming;4.5;104;424
The Future of Pinball;6.9;58;936
13th Child;2.9;99;695
4;6.6;126;632
Tropix;3.7;101;882
The Sandman;6.5;100;1284
SofÃ­a;6.9;101;740
Gums & Noses;8.0;89;1172
Five Lines;6.9;110;597
Golmaal: Fun Unlimited;7.4;150;781
Yes I Am!;5.6;104;458
Divided We Fall;7.6;120;228
Ronny & Cindy in All of Us;8.6;60;62
Crazy Richard;3.2;64;961
Chromartie High - The Movie;6.1;85;541
The Wind;6.8;92;1233
The Red Baron;6.4;106;1296
Split Decision;7.6;75;1059
The Resurrection Game;3.8;91;1336
WhoAfraidWolf;6.4;85;605
I Know I'll See Your Face Again;6.0;98;880
Smoke Gets in Your Eyes;4.5;70;846
Ahista Ahista;7.0;122;713
The King Is Alive;6.3;110;587
Butterfly Man;5.2;95;614
Pettson & Findus - Tomtemaskinen;6.3;79;393
Dil Maange More!!!;5.1;123;146
Shanghai Hotel;6.3;110;32
Casi casi;5.8;93;1244
The Age of Man;4.9;88;93
Metal;6.1;90;129
Curse of the Forty-Niner;3.7;86;718
On Borders;7.1;60;1021
KM 31: Kilometre 31;5.3;105;62
Senza paura;5.8;84;864
Transfixed;5.3;105;30
Midsummer Madness;6.1;94;341
The White Dog Sacrifice;4.6;86;143
Kochankowie roku tygrysa;5.2;100;975
Once in a Lifetime;5.2;108;774
Siren;5.7;102;806
Piet Piraat en de betoverde kroon;5.3;60;638
One Among Us;4.5;83;748
Clara y Elena;6.2;98;946
Children Underground;8.3;104;1080
My Best Friend's Wife;5.2;85;193
The Men in White;5.9;90;791
Gogol Bordello Non-Stop;7.5;90;379
Heidi;5.5;135;286
Exit Wounds;5.6;101;927
You Did What?;4.6;87;1067
Welcome Home;6.9;98;610
Blue Remains;4.9;77;766
InvaXon - Alieni in Liguria;6.0;133;846
The Boss of It All;6.7;99;1280
So Much So Fast;7.5;87;257
The Extreme Team;3.7;78;878
Producing Adults;6.2;102;731
Queens Don't Cry;6.6;92;1323
Killing Time;5.9;81;227
On the Beach Beyond the Pier;6.2;130;66
The Big White Wall;6.3;46;1384
Bajar es lo peor;5.3;84;1305
Roads to Koktebel;6.9;100;976
Kids in the Hall: Same Guys, New Dresses;6.9;93;1203
Bellaria - So lange wir leben!;7.6;100;585
The Person de Leo N.;7.9;85;630
Gumby Dharma;7.2;72;840
Une vie en l'air;6.9;45;885
Hulchul;7.0;149;1217
Half Nelson;7.2;106;288
Guiana 1838;7.1;120;394
Chencho y su gran dote;7.7;75;1114
Intern;4.5;90;80
This Is What Democracy Looks Like;7.6;72;309
The 24th Day;6.5;92;1154
13 Going on 30;6.2;98;1165
Personal Sergeant;6.2;79;711
Times and Winds;7.3;111;102
Passport;6.3;71;1244
Robert Fortune: The Tea Thief;8.7;52;553
RefrÃ¤nger frÃ¥n kÃ¤llaren;6.1;54;1103
Nit zivota;7.5;93;801
Latin Divas of Comedy;7.0;90;283
Dear Pyongyang;7.8;107;1052
Charlie's Angels: Full Throttle;4.9;106;516
Kolay para;4.5;97;433
Punctured Hope: A Story About Trokosi and the Young Girls' Slavery in Today's West Africa;7.8;91;339
Anji;5.9;148;939
Come and Go;7.0;175;285
The Do-Deca-Pentathlon;6.0;90;956
Amar y morir en Sevilla (Don Juan Tenorio);2.7;90;999
Unfinished Symphony: Democracy and Dissent;8.8;60;870
Nine Girls and a Ghost;5.2;96;539
Born Wild;5.9;109;501
Posylka s Marsa;5.4;119;351
Doomsday Man;3.7;89;437
Something Something... Unnakum Ennakum;6.8;178;412
American Crude;3.7;96;560
Head Under Water;6.1;115;53
Libiomfi;6.7;75;1225
Sleeping Luck;6.4;110;693
I'm a Cyborg, But That's OK;7.1;107;451
Saroja;7.2;103;404
Amazing Lives of the Fast Food Grifters;6.2;104;220
The Officer's Ward;7.4;135;978
House of Luk;5.3;114;295
Silsiilay;4.0;134;158
Conjurer;4.8;100;94
Berlin Stories;5.1;93;932
Utthaan;4.3;180;84
The Body;5.4;109;133
Nothing Sacred;6.0;98;275
Paper Chasers;6.9;80;218
Cachimba;6.4;142;984
Leroy;6.3;89;165
Det forbudte landshold;7.6;57;420
Horrors of War;2.9;99;769
Wally;9.1;77;630
Le pont des Arts;6.9;126;219
Singa Karawang Bekasi;6.1;90;634
Dil Vil Pyar Vyar;5.2;150;325
Statisti;8.0;50;387
The Stranger;6.4;102;858
Magic Flute Diaries;5.7;104;1091
Nobody Knows Anything!;3.3;90;728
Peroxide Passion;5.7;84;1269
Spun;6.8;101;258
The Miracle According to SalomÃ©;6.3;97;1327
The Twilight;5.6;83;1272
Silver Man;4.7;98;400
Henri Cartier-Bresson: The Impassioned Eye;7.3;72;1229
Memorias del desarrollo;7.1;113;176
Penny Ante;6.6;93;273
The Burning Land;4.5;87;314
The Souvenirs of Mr. X;5.8;102;522
Adolphe;6.0;102;1246
I Love You Baby;4.9;110;1106
The Unknown Woman;7.4;118;263
Kaash... Hamara Dil Pagal Na Hota;4.0;149;1051
Das Erbe der Bergler;7.3;97;1258
Prodigy;6.5;120;1025
Imagine Me & You;6.8;90;17
Cougar Club;4.1;97;496
Gargaroth;6.0;45;286
I'm Going Home;7.0;90;20
Picasso Face;5.1;95;966
Until the Lights Come Back;6.8;132;130
The Gits;7.9;82;796
Coffee and Language;7.8;87;845
The Good Cop;5.8;87;190
Max;6.5;106;481
Dear Fidel;6.7;90;1148
Reyna: Ang makulay na pakikipagsapalaran ng mga achucherva, achuchuva, achechenes...;5.2;98;72
The Butterfly Lovers;6.3;95;856
A Broken Sole;6.2;97;1130
Matzpen: Anti-Zionists in Israel;8.5;54;771
In Search of the Papin Sisters;6.3;94;1317
Sixty Six;6.7;81;79
Yours Emotionally!;4.0;86;324
Starlit High Noon;7.0;92;1215
Der Mann von der Botschaft;6.7;100;324
White Nights;7.6;91;433
La toma de la embajada;5.7;110;938
Another Life;4.7;85;818
Nite Tales: The Movie;4.0;93;602
The Third Nail;4.9;91;287
American Dreamz;5.4;107;983
Hope & a Little Sugar;6.9;82;424
Harry + Max;5.5;74;841
Dead End Massacre;4.6;80;1183
Tenfold;5.8;102;708
Kaulayaw;7.2;100;136
Fracture;7.2;113;126
Chasing Liberty;6.1;101;1096
KL Menjerit 1;5.3;100;293
Chelyabumbiya;3.0;115;930
Hotel GondolÃ­n;6.7;52;555
Full Pink Ahead;3.7;100;1246
Tokyo Nights;8.4;61;1333
Let No One Put Asunder: The Legal Recognition of Same Sex Marriage in Canada;6.8;45;1216
Sinus;5.2;114;805
Days of Love;2.6;110;704
Manhattan, Kansas;7.8;75;1298
Fifteen;6.7;85;842
Hikikomori: Tokyo Plastic;5.7;75;391
E adesso sesso;3.4;90;1125
Watermarks;7.1;80;1230
Je ne suis pas lÃ  pour Ãªtre aimÃ©;7.1;93;148
Sucker Punch;3.3;90;1175
Come Into the Light;7.1;89;688
Broadway: The Golden Age, by the Legends Who Were There;8.3;111;122
Elektra, avagy bevezetÃ©s a kapitalizmus politikai gazdasÃ¡gtanÃ¡ba;9.2;83;761
Pathogen;7.7;82;457
Zen Noir;6.2;71;663
Alice;7.4;102;344
Ali;6.8;157;1085
Spy Kids;5.5;88;866
Sans moi;5.4;90;1334
Rolling Kansas;6.2;89;183
Vibrator;6.9;95;737
So Much Rice;5.6;84;674
Other Worlds;7.6;90;779
28 Weeks Later;7.0;100;757
Rap Sheet: Hip-Hop and the Cops;6.4;81;853
More Dogs Than Bones;4.9;92;787
Unbeatable Harold;5.4;82;441
Desmond & The Swamp Barbarian Trap;6.0;68;276
Maid in America;8.6;58;710
Picture Claire;5.5;91;669
The Eye 2;5.7;95;1100
North Beach;4.6;78;182
Under the Moonlight;6.9;96;1198
The Matador;6.7;96;448
Boran;6.9;99;632
Return to the Land of Wonders;6.9;88;751
Waging a Living;7.3;85;891
The Life and Times of MC Beer Bong;7.2;85;1265
Soba;6.0;84;411
Dubai;3.9;165;1239
Luther;6.6;123;746
Cheating in Chains;6.3;83;1134
Marathon;7.7;117;428
Everything Moves Alone;7.0;100;331
Mr. Right;5.8;95;23
Bruce Almighty;6.8;101;365
Jiyan;7.1;102;438
Beauty and the Beast: A Latter-Day Tale;6.0;91;1026
Et aprÃ¨s?;7.0;92;250
I Am Taraneh, I Am Fifteen Years Old;7.1;110;580
Weiser;6.2;95;108
Kiss Kiss Bang Bang;7.5;103;811
Spiral;6.4;91;99
Legit;3.5;87;1305
Bore Lee: U kandzama velegrada;6.0;58;528
My Beautiful Girl, Mari;6.6;86;352
Aussie Park Boyz;2.3;103;484
Baober in Love;4.9;95;422
Raasta;6.3;110;404
Haack: The King of Techno;6.7;70;138
Cover Story;3.9;96;848
Dante's Inferno;6.6;88;615
Valentine's Day;5.7;125;481
Bashing;7.5;110;723
Love Relations;5.3;103;711
Hamlet;5.5;93;1043
Mortuary;4.1;94;493
On Their Knees;6.2;76;1282
Fast Food Fast Women;6.4;95;584
Todo menos la chica;4.4;103;682
Inugami;6.0;106;471
Ode to the Poet;7.0;101;686
The Woven Stories of the Other;7.8;105;1055
Thunder Over Reno;7.2;93;392
Des Hoyaa Pardes;6.9;163;1151
Home on the Range;5.4;76;138
Alaudin;4.7;145;1092
Runaway;7.3;87;487
Dig!;7.8;107;575
Walking the Line;8.2;57;114
Emma's Bliss;7.2;99;658
Before You Go;5.6;94;518
Miss Wonton;7.5;87;1077
Frogmen Operation Stormbringer;3.3;90;325
Aaru;5.7;168;770
Ganges: River to Heaven;7.4;79;962
Little Men;8.0;74;60
Lie with Me;5.3;93;1147
Romance of Darkness;4.7;86;61
The Prince and the Pirate;5.5;90;1124
A Family Affair;5.0;107;1004
Limelight;8.8;90;1140
Date Less;6.1;80;1317
Boredom in Brno;6.9;103;860
Koi Mere Dil Se Poochhe;3.4;165;714
Qalb jari';3.7;107;299
On Each Side;5.6;95;396
One Missed Call 2;5.4;105;1221
O Delfim;6.5;88;979
Circleen: Mice and Romance;6.4;60;1323
From Other Worlds;4.8;88;369
Joseph Smith: Prophet of the Restoration;7.8;60;760
Forget America;6.8;90;638
Tooth Fairy;5.0;101;732
All at Sea;5.7;88;302
Tout pour l'oseille;4.9;94;537
Forget About It;4.7;88;289
Mr. and Mrs. Iyer;7.9;120;928
RÃªves de poussiÃ¨re;7.1;86;146
The Garden;8.4;196;326
I Love You;6.8;97;431
Redemption Road;6.8;87;572
Gerak Khas the Movie II;4.5;118;383
Numb;5.5;77;910
Jeena Sirf Merre Liye;4.4;137;880
Underdogs;8.5;87;76
The Homecoming of Jimmy Whitecloud;5.0;100;625
Shattered Glass;7.1;94;1300
Razor Wire Rodeo;6.1;52;25
Becoming Marty;6.0;99;103
Pressure;5.8;90;1052
Uncovered: The War on Iraq;7.5;83;1224
Slave;6.5;95;557
Le prof;4.2;100;567
Five Cent War.com;6.1;47;245
Ruta del Jaca;6.6;72;1166
The Bridge of San Luis Rey;5.1;120;1082
The Closet;7.0;84;175
RÃ©fractaire;5.5;97;552
Saving Grace;6.9;93;800
God Grew Tired of Us;7.9;89;1111
Crooked;4.0;93;1187
Mythic Hero;6.7;80;494
With Luv... Tumhaara;6.4;120;1089
Mike Bassett: England Manager;6.9;89;216
Trece entre mil;7.2;90;1344
Fairy Tale Auto;4.4;93;695
Mataperros;5.7;90;333
ÃŽles flottantes;6.6;82;334
Ilusiones rotas-11M;7.8;105;864
Dragon Reloaded;5.1;101;196
Parabola;6.8;111;547
Ge er men;7.7;90;891
Dil Hai Tumhaara;5.3;185;230
The River;6.8;104;495
Frankenstein & the Werewolf Reborn!;5.0;92;196
El Crimen Perfecto (The Perfect Crime);7.1;105;453
The Real Body;6.4;110;1262
State vs. Reed;7.1;60;414
Kangalal Kaidhu Sei;5.4;144;303
Sakuran;6.9;111;869
Proyecto Dos;4.9;97;857
Funny Money;5.3;98;1056
LunÃ¡rio PerpÃ©tuo;6.6;120;1010
Shag Carpet Sunset;7.2;80;920
Heidi M.;7.0;95;1255
Akame 48 Waterfalls;7.2;159;18
Libertas;5.6;130;185
Teacher's Pet;5.8;73;600
Kings of the Sky;7.4;68;152
Iowa;5.0;104;508
Killing Me Softly;5.5;100;497
Knightquest;6.9;45;468
The Garden;6.1;75;812
Four the Roses;6.6;90;1337
Tibet: Cry of the Snow Lion;7.6;104;1158
World Traveler;5.4;103;929
The Stonecutter;5.9;80;971
The Wash;4.8;96;1121
The Red Stuff;6.8;78;70
Van Wilder 2: The Rise of Taj;4.9;97;853
Dream;5.5;104;804
Swedish Beauty;4.9;88;751
FanÃ¡ticos;6.5;70;38
The Kite Runner;7.6;128;1071
Aan: Men at Work;5.7;149;578
After Sex;4.5;96;654
Beautiful Mistake;6.4;75;532
Maiko haaaan!!!;6.5;120;1274
Survival Island;4.9;95;389
Beautiful Life;7.1;110;983
Le deuxiÃ¨me souffle;5.7;155;346
Iden & Tity;6.6;118;805
Caballos en la ciudad;7.7;80;353
Warriors of Independence;6.5;77;364
Grand Theft Parsons;6.0;88;686
The Perfect Score;5.7;93;308
Wharf of Widows;7.0;90;110
Hotel Hibiscus;6.9;90;813
Maradona by Kusturica;6.8;90;501
Vital;6.8;86;671
M;6.2;110;78
Americano;6.1;95;146
Replay Revenge;7.0;60;768
Spying Cam;6.4;100;953
Singularity;9.0;96;40
Peaceful Warrior;7.3;120;407
Memories of Murder;8.1;131;336
Room to Rent;6.1;95;861
Rezervat za rozovi pelikani;7.5;59;941
Que sea rock;6.8;101;42
Diggity's Treasure;5.8;91;371
CrÃ³nica de un desayuno;5.4;109;796
No Man's Land;7.2;90;971
Barbaarit menneisyydestÃ¤;4.9;74;802
The Round and Round;1.2;131;1112
Gene-X;5.2;85;348
Kahit isang saglit;7.9;110;495
Partition;5.5;85;302
The Perfect Nanny;4.9;90;1252
After War;6.2;119;1068
Afterman 2;5.5;86;142
The Witches Hammer;3.5;91;2
Bad Seed;5.5;93;464
Jesus Is Coming;7.9;107;219
Charlie Wilson's War;7.0;102;535
The Cavern;2.8;95;157
Me You Them;6.9;104;586
The Boy Who Cried Bitch: The Adolescent Years;4.4;99;257
The Witches;5.3;106;964
The Little Polar Bear;5.9;78;71
Peter;6.1;80;589
Dinotopia: Quest for the Ruby Sunstone;5.4;75;850
Hungry Hearts;6.7;82;815
MVP: Most Valuable Primate;4.1;93;630
Ashes of God;7.8;73;1159
I Wanna Be Happy;5.6;108;960
The Lost Treasure of the Knights Templar II;5.3;78;391
From Wharf Rats to Lords of the Docks;9.1;82;280
PrivÃ©;6.7;50;1278
Dead in 3 Days;5.5;97;268
Party Crasher: My Bloody Birthday;3.7;91;1106
Vanilla Sky;6.9;136;656
Dos auroras;3.3;82;1306
Lola, la pelÃ­cula;5.5;100;670
Them;6.4;77;637
Olivetti 82;6.4;88;553
One Nite in Mongkok;7.1;110;283
Red and Blue;6.8;112;1306
The Plague;4.2;104;753
Dhund: The Fog;2.3;153;1181
Fight or Flight;7.3;84;612
Muhammad: The Last Prophet;7.4;95;410
Kiki and Herb on the Rocks;6.8;65;8
Cosas que hacen que la vida valga la pena;6.0;90;972
Sweet Amerika;7.7;101;1159
Los hÃ©roes y el tiempo;6.7;110;616
Anthony Zimmer;6.6;89;386
Xin tian you;4.2;96;304
Noel: The Samba Poet;6.8;99;805
Public Enemy;7.2;138;212
After the Reconciliation;7.1;74;1279
Daymaker;5.4;126;1197
Adventures Into Digital Comics;5.8;96;1157
Khachaturian;8.2;83;1351
The Putz;5.9;106;211
Rhineland;5.1;94;770
Towards Darkness;5.6;94;167
The Little Documentary That Couldn't;8.1;80;130
Something to Cheer About;7.3;90;399
When Voices Rise...;7.0;74;394
Big Dreams Little Tokyo;6.4;86;784
Gitarrmongot;6.2;89;136
Gone Baby Gone;7.6;114;480
The Bag Man;6.0;90;294
Chocolate: Deep Dark Secrets;4.8;160;629
66 AD: The Last Revolt;7.3;100;294
Fellini Narrates: A Discovered Self-Portrait;6.7;68;79
Driller;6.3;85;572
Tokyo Tower: Mom and Me, and Sometimes Dad;7.4;142;1263
Particles of Truth;6.8;101;1167
Tribute;7.4;90;759
The Vampire Conspiracy;3.0;90;1044
99 francs;7.3;100;168
Pee-wee's Big Holiday;6.1;90;784
The Ticking Man;5.4;85;953
Stalin;6.0;168;1190
Honeyrun;6.0;80;665
Baise-moi;4.5;77;1303
Manassinakkare;7.4;152;1049
Lansdown;3.4;80;146
P.S.;6.1;97;652
Brutal Incasso;3.7;87;769
The Lost;5.9;119;1048
Siete dÃ­as, siete noches;5.5;104;613
Dark Side of the Light;4.4;90;222
The Last Sentinel;3.7;93;346
The Men Who Fell;3.8;85;459
What Boys Like;5.0;85;21
Moscow Zero;3.0;82;1101
Avellaneda's Moon;7.2;143;1273
Other People's Mirrors;5.7;70;513
Il a suffi que maman s'en aille...;6.9;92;1286
A Million Miles;7.5;85;452
Restart;5.8;85;379
Sugar Times;6.5;105;336
Adored: Diary of a Porn Star;5.8;101;453
Ganes;6.2;107;432
Anacardium;6.9;94;934
The Circle;7.4;90;1047
36K;7.6;83;786
Missing Victor Pellerin;7.0;102;1121
Blue Spring;7.3;83;159
The Birthday;5.5;114;1081
Transsiberian;6.7;111;524
Lizard Baby;4.4;50;1026
Wildflower;3.5;92;175
Carandiru;7.6;145;700
Kucch To Hai;4.2;143;839
L'Ã©cole pour tous;4.9;97;9
Mummys Island;4.0;115;876
In Between;8.0;93;512
Dr. Babasaheb Ambedkar;8.8;197;1067
Without Mercy;7.6;113;51
FVVA: Femme, villa, voiture, argent;7.6;75;564
Zig Zag;5.9;101;517
Labyrinth;7.6;145;1028
Cero y van 4;6.7;92;347
The Pastry Girl;5.6;105;145
Unna ja Nuuk;5.0;78;581
Trailer Park of Terror;5.2;98;397
The Waiters;6.2;84;983
Enigma colÃ³n;6.6;60;1123
Mr. Deeds;5.8;96;431
WeiÃŸe Raben - Alptraum Tschetschenien;8.3;92;287
Nordstadt;4.9;90;776
Clean Thursday;6.5;46;300
Rice Girl;5.8;95;955
Labyrinth;7.1;115;1253
All About Darfur;6.4;82;583
The Wind Horse;6.9;88;589
Holy Lola;6.5;128;332
The Big Slaughter Club;4.6;71;276
Ancient Warriors;3.7;99;1339
Tomorrow;6.5;88;444
This Is My Body;5.3;87;1119
Seven Mummies;2.4;90;299
Kamataki;7.0;110;608
Wood & Stock: Sexo, OrÃ©gano e Rock'n'Roll;6.2;81;715
Afrika;5.0;112;56
Secret Things;6.1;115;552
Monobloc;4.9;83;505
Air Marshal;2.6;90;816
PieniÃ¤ eroja;6.4;58;622
Siouxsie - Dreamshow;8.3;144;597
Cenneti Beklerken;6.7;107;29
The Team;5.9;82;421
Onna kunishuu ikki;5.5;60;439
The Third Wave;6.3;115;65
Four Shades of Brown;7.2;192;1117
The Romance;6.1;106;859
Looking for Kitty;6.0;95;296
A Few People, a Little Time;6.6;104;1047
Whisky Romeo Zulu;7.5;105;246
Becoming Family;8.6;74;935
Bitter Sweet;3.6;89;1287
Sanam Teri Kasam;4.9;170;560
Slim Till Dead;5.1;92;907
Last Ball;7.0;96;856
Wishcraft;5.2;102;149
The Perfect Party;7.0;78;192
Gone Is the One Who Held Me Dearest in the World;7.0;95;1185
Grizzly Park;4.0;91;921
Vacas gordas;7.5;83;245
3055 Jean Leon;6.8;93;241
Shadow Hours;5.9;95;329
A Charming Mass Suicide;5.7;118;168
La vie secrÃ¨te des gens heureux;6.4;101;216
Einstein Girl;5.7;82;525
Main, Meri Patni... Aur Woh!;7.3;129;207
The Last Great Ride;5.0;89;651
Donsol;7.6;105;1118
The Sentimental Education of EugÃ©nie;4.2;83;16
Daniel the Wizard;1.7;81;552
Streets of Wonderland;7.5;123;530
Platzangst;6.3;64;1345
Raincoat;7.6;117;1296
The Counterfeiters;7.6;99;334
GrÃ¼sse aus Dachau;7.7;90;1129
Rhapsody in White;6.6;86;1214
Bravo, My Life!;6.1;92;185
Drunken Monkey;5.9;97;470
Slaves of the Realm;3.4;99;822
Yeonae;6.3;100;1183
Falling in the Paradise;6.2;93;871
Leni Riefenstahl: Her Dream of Africa;6.9;58;1101
Sugihara: Conspiracy of Kindness;8.6;103;303
A City Is Beautiful at Night;5.1;90;262
Without Rhyme or Reason;5.0;113;280
Neptune Cowboy;7.7;100;1049
C.R.A.Z.Y.;7.9;129;166
Rounding First;6.9;86;277
Collectors;6.7;80;1040
Childstar;6.0;98;32
The Broken;5.4;93;421
Ong Bak 2;6.2;98;993
Firetrap;5.3;97;966
Nagurimono: Love & Kill;7.4;93;1266
The Other's Life;6.3;84;1332
Posthumous Memories;6.8;101;608
Steam;4.7;120;1218
Sfiorarsi;6.2;105;654
17 rue Bleue;6.2;95;346
The Ten;5.0;96;406
Six Figures;6.7;108;234
Human Error;7.4;95;199
The Naked Monster;5.3;100;659
Sex Files: Ancient Desires;4.4;86;527
Wounded Animals;4.8;94;176
Freedom;2.5;133;208
The Last Stop;5.2;94;566
Say That You Love Me;7.5;112;347
Black Tape: A Tehran Diary, the Videotape Fariborz Kamkari Found in the Garbage;6.3;83;147
The Men Who Would Conquer China;6.4;78;1061
Waste of Space;5.2;78;746
Corn;4.5;97;1214
The Californians;4.9;87;205
All About the Benjamins;5.9;95;725
Tokyo Zombie;6.0;103;727
Aetbaar;4.6;152;336
When I Came Home;8.2;70;1105
American Standoff;7.8;95;983
Canned Beauties;6.8;61;555
3000 Miles;6.2;105;455
My Last Film;5.7;90;1152
Lord of War;7.6;122;231
Monkey Love;4.7;96;82
American Addiction;7.3;112;844
March;7.8;92;1097
My Nikifor;6.8;97;692
NÃ¨g maron;4.8;95;1064
C U at 9;4.1;95;958
Blade II;6.7;117;1124
Beautiful Things;6.9;86;628
Aviva, My Love;7.1;107;105
Fighter in the Wind;7.0;120;76
Billy Elliot;7.7;110;435
Prometheus Bound;5.3;80;371
I, Cesar;6.0;91;1103
The Sweatbox;7.1;95;402
Interesting Men;5.7;100;689
Toyen;6.6;63;66
Ocean Park;6.4;100;393
Approaching Union Square;5.3;80;80
Ripper 2: Letter from Within;3.4;89;1154
You and Me;7.3;88;520
Master and Commander: The Far Side of the World;7.4;138;1061
Der bayerische Rebell;7.8;92;855
Downtown 81;7.1;72;378
The Untouchable;5.1;82;1143
Around the Bend;6.4;85;1046
Botched;5.7;95;820
Bad Guy;6.7;100;651
508 Nelson;5.2;85;790
Jelly Dolly;6.5;94;1284
No Place;7.8;80;1245
Mr. Magorium's Wonder Emporium;6.2;93;996
Frozen Angels;7.4;93;584
Most High;6.5;95;488
Maati Maay;7.6;98;495
I Am a Sex Addict;6.0;98;670
Taj Mahal: A Monument of Love;6.8;235;827
Ginostra;4.7;139;778
Los prÃ³ximos pasados;7.8;85;1056
Harry Potter and the Sorcerer's Stone;7.6;152;1000
Max;4.2;85;1021
Divine Secrets of the Ya-Ya Sisterhood;6.1;116;641
Superstarlet A.D.;4.8;70;1244
Detective Mr. Gong;4.9;106;1179
The Atrocity Exhibition;5.7;105;736
My Soul to Take;4.8;107;991
Eat This New York;6.8;80;462
What to Do in Case of Fire;6.8;101;726
Jackhammer;3.2;89;734
The Inner Circle;7.3;88;947
Descent Into Darkness;3.5;96;1186
DysFunktional Family;6.7;89;1040
Las razones de mis amigos;6.0;105;86
Three Girls;5.8;83;0
HotRod: The Movie;7.8;72;396
Liquid Bridge;3.5;98;508
One Step Beyond: The True Story of GÃ©raldine Fasnacht;8.5;56;203
Shooting Silvio;5.2;96;1272
The Manchurian Candidate;6.6;129;3
Sidekick;5.3;87;125
Who Gets to Call It Art?;6.9;78;582
Wrong Numbers;7.5;75;676
See You Off to the Edge of Town;6.5;87;1155
Rottweiler;3.1;95;1278
What Remains of Us;7.8;77;331
Just Sex and Nothing Else;6.3;97;1140
Strange James;2.5;96;74
TablÃ³;5.2;120;239
Enduro Bojz;2.7;90;651
Love me;5.8;107;659
My First Romance;7.1;115;334
Devil's Playground;7.0;77;517
Finding a Wife for Dad;7.0;88;413
El Cortez;5.3;94;431
Ali, Rabiaa et les autres;7.4;85;1084
Higher Ground;7.0;92;197
Circus;5.6;95;393
Girlfriend: Someone Please Stop the World;6.9;105;955
Wedded Bliss?;7.9;105;1308
Operazione Rosmarino;5.4;103;250
Chong;6.5;54;846
An Enemy of the People;5.2;90;848
Dan pod suncem;8.8;75;297
Seven Days;6.7;95;1103
The Invisible;6.2;102;17
La fausse suivante;5.7;96;738
Miss Entebbe;6.6;80;502
Screaming Blue Murder;6.1;84;1080
The 27 Club;6.7;94;303
The Last Train;6.8;94;425
The Beauty in Dream;6.6;106;1061
The Intended;5.7;110;1274
Sehar;7.7;125;329
Ti voglio bene Eugenio;6.7;95;93
Bollywood Remixed - Das indische Kino erobert den Westen;8.8;77;1313
Offending Angels;4.5;94;1236
Nickel and Dime;6.4;100;704
Digital Reaper;4.8;87;220
The Motorcycle Diaries;7.8;126;1141
La velocidad funda el olvido;6.6;110;474
El cantante;5.5;106;842
Landysh serebristyy;6.5;88;729
You I Love;6.1;86;1301
Reality Show;6.8;55;148
SkÃ¶nheten skall rÃ¤dda vÃ¤rlden;6.3;58;760
Little Fugitive;5.9;89;1183
The Great Water;7.1;93;664
Corona hoch;8.2;45;1210
Double Suicide Elegy;7.3;108;995
Dobara;3.2;135;225
The Children's Midsummer Night's Dream;6.2;115;179
Sandwich;5.4;152;416
Agent Crush;5.9;93;896
Montag kommen die Fenster;6.5;88;614
Candy Stripers;3.2;89;822
Die 8. TodsÃ¼nde: Das Toskana-Karussell;5.8;90;411
The American Hobo;6.9;87;235
Making Revolution;6.5;88;1320
Falling Hard;6.1;96;573
Bike Club;6.9;89;904
KamenÃ¡k 2;2.7;100;561
The Prince of Soap;5.3;97;560
The Threat;5.0;103;930
The Life of David Gale;7.6;130;1263
Black Jack: Two Doctors in Black;6.3;133;439
Elvis & June: A Love Story;7.1;46;629
Konchem Touchlo Vunte Cheputanu;5.8;152;111
Scaring the Fish;8.3;68;494
Just to Get a Rep;8.0;60;742
Stop the Bitch Campaign Again;5.4;57;436
Fake ID;4.2;86;878
Deliver Us from Evil;7.9;101;902
Fading;6.4;74;988
Everything;6.4;91;324
Manhood;5.1;82;666
A Decade Under the Influence;7.6;138;777
Muhammad Ali: Through the Eyes of the World;7.6;115;1008
The Great Year;8.1;46;844
Broken Bridges;7.9;96;1219
For Love & Stacie;9.0;95;247
Father and Sons;6.6;95;1075
Light of My Eyes;7.0;113;1119
American Girl;6.0;88;105
Homecoming;7.4;109;62
Dan in Real Life;6.7;98;897
Chor Machaaye Shor;4.2;145;906
Mars Turkey;7.0;90;579
Oscar Niemeyer, an Architect Committed to His Century;7.1;60;1356
Ich bin, Gott sei Dank, beim Film!;7.2;81;954
Lollipop;6.8;98;1256
Hubert Selby Jr., 2 ou 3 choses...;8.1;53;979
Shot;6.5;98;533
Nelegal;5.5;100;100
Palermo flÃ¼stert;6.1;90;661
Drifter;4.4;100;1035
Largo;7.6;112;543
Le glandeur;5.6;85;675
Boogeyman 2;5.1;93;266
The Boxtrolls;6.8;96;725
On Our Own Vesna;4.0;92;47
Girl for Girl;4.8;87;424
Womb Raider;3.7;90;836
Close Call;4.0;93;247
Tacholas, un actor galaico porteÃ±o;7.1;80;519
Those Happy Days;6.8;103;581
Criss Cross;6.0;88;1170
CafÃ© Tales;6.6;85;637
After the Apocalypse;5.6;72;604
Nel cuore della notte;6.1;80;23
Fino a farti male;6.5;93;1208
A Whale of a Tale;7.1;90;33
Shisei: The Tattooer;5.0;72;649
Bear Cub;7.1;100;240
Ho voglia di te;4.4;106;409
The Process of Creative Deception;5.5;106;717
Trance;6.1;126;894
Het woeden der gehele wereld;4.6;115;591
Joint Security Area;7.8;110;780
Malayalimamanu Vanakkam;4.9;149;247
Mat the Cat;6.4;75;981
Big Brother Trouble;4.6;105;299
Don't Worry, I'm Fine;7.4;92;179
Just Friends;6.2;96;128
God's Waiting List;5.2;94;366
Bad Guys;4.2;90;52
Une Ã©quipe de rÃªve/Zidane's Dream Team;7.9;75;426
Life As a Fatal Sexually Transmitted Disease;7.1;99;850
Jonestown: The Life and Death of Peoples Temple;7.8;86;282
Bawandar;7.0;125;1140
Danika;5.6;80;140
The Break-Up;5.8;106;1096
The Twins;5.6;122;1272
Copying Beethoven;6.8;104;712
Ella at Five;8.6;74;1229
The Man from Elysian Fields;6.6;106;1200
Backstage;5.8;86;463
In Desert and Wilderness;5.2;111;884
Alias Alejandro;8.5;93;888
Lilla JÃ¶nssonligan och stjÃ¤rnkuppen;2.7;74;586
A Mysterious Murder;4.1;85;1063
Journey from the Fall;7.1;135;1081
Koi Tujh Sa Kahan;5.1;164;1106
Valerie;7.0;81;921
Mashooka;5.3;107;1260
Folly Island;2.2;90;712
The Last Just Man;9.1;70;461
They;4.8;89;452
Flight of Fancy;5.1;96;516
What's Up?;3.1;95;791
Way of Blue Sky;6.4;102;305
Blessing Bell;7.2;87;484
The Cliffhanger;5.5;97;245
Ã€ dÃ©couvert;6.0;48;42
Stockholm Boogie;6.3;82;984
The Iris Effect;3.7;90;1040
The Dance of Men;6.8;77;1333
Un rÃªve algÃ©rien;5.1;110;885
El nexo;8.3;105;677
Stanley Kubrick: A Life in Pictures;8.0;142;1118
Ashes;6.6;77;198
Ford Transit;7.3;80;1224
Rock and R.O.;8.2;85;363
Schaffe schaffe ScheiÃŸe baue;3.8;96;467
Tan Lines;3.6;83;1080
La Vida Rosa;6.8;113;645
The Tailor;5.0;119;1010
Sex Files: Erotic Possessions;4.9;77;764
Par 6;6.8;88;494
Skin & Bone;6.5;102;611
Tango, un giro extraÃ±o;8.7;95;525
Boystown;6.0;101;1139
Bufo & Spallanzani;6.5;96;1243
Must Love Dogs;5.9;98;1295
Phone;6.2;104;50
Gangster Party;4.5;89;458
I Can See You;4.6;97;372
August 15th;5.6;90;1032
Snatch;8.3;104;412
The Human Stain;6.2;106;1146
De kus;6.3;100;986
A Goddamn Job;5.1;83;1189
Dans un camion rouge;7.2;96;310
Love and Testosterone;7.5;80;205
Lost Embrace;6.9;99;878
The Battle of Orgreave;6.7;60;1246
Rank;7.1;90;405
Amour d'enfance;6.8;102;1204
Route 66 Road Trip;6.0;118;39
Molotov Samba;6.1;89;873
Laramie Inside Out;7.2;56;276
Fatherland;7.1;98;405
Re: Generation;5.3;80;2
Travelling with Che Guevara;7.0;121;189
Demonium;3.2;85;459
Doubt;7.5;104;190
Stealing Summer;5.7;90;242
The Maori Merchant of Venice;7.0;158;1021
The Dark Night;6.6;98;615
Primary Suspect;4.8;91;941
Roman de gare;7.1;103;485
Hannah House;5.5;78;1090
Dhaai Akshar Prem Ke;3.7;167;1110
Clipping Adam;6.1;90;1123
Dancer in the Dark;8.0;140;119
Ping Lacson: Super Cop;5.8;100;192
Falling Through;4.5;96;557
Stuff and Dough;7.2;90;6
Derrida;6.5;84;1224
Saw III;6.2;108;165
Manorama: Six Feet Under;7.6;137;428
Undertaking Betty;6.6;94;621
Chinango;5.4;90;1321
Talkers Are No Good Doers;6.4;100;221
Eleven Men Out;5.0;85;576
Rashevski's Tango;6.5;90;76
Outta Time;4.2;94;715
Area K;7.6;52;1180
Bonkers;6.6;83;56
Move Me;6.2;95;574
Brief Interviews with Hideous Men;5.6;80;698
Night at the Golden Eagle;5.9;87;221
Kippur;6.3;117;989
OperaciÃ³n Walsh;8.1;85;589
Whiskey School;5.9;87;800
Paule and Julia;6.6;82;1130
Al otro lado;7.6;70;176
Power Elite;3.8;94;607
Golden Oldies;5.1;95;1289
Adiantum Blue;6.2;110;12
Like Cat and Mouse;6.6;95;33
Hung chak;5.4;93;508
Sextet;5.6;96;413
Tempted;5.5;95;574
The Hottest State;6.1;117;321
Corrections;7.3;58;1364
ABC Africa;6.9;83;557
The Technical Writer;4.1;96;1331
Oui non;5.1;116;302
Leabet el hob;5.3;80;1325
Punk Love;6.1;102;1032
Croatian Nightmare;6.8;110;1286
Cine Manifest;7.2;75;1046
El escape de los Santos;8.7;84;118
Earth's Skin;7.1;97;97
Tulip Fever;6.2;105;541
El jardÃ­n de las hespÃ©rides;7.0;102;993
Larry the Cable Guy: Health Inspector;3.3;89;603
The Modern Things;6.4;75;658
UtopÃ­a;5.2;106;334
L'autre monde;5.5;95;1111
The Slow Business of Going;5.9;101;273
The Lives of Others;8.4;137;253
Azagiya Theeye;7.1;150;1146
Demon Hunter;4.3;78;803
Come December;5.7;92;232
Chris and the Dragon;7.7;90;1319
Paranoid;2.5;87;1167
35: O Assalto ao Poder;7.2;98;465
Confinement;4.9;104;79
D.I.Y. or Die: How to Survive as an Independent Artist;6.8;55;1111
Ginger Snaps 2: Unleashed;6.4;94;748
Eden;6.6;99;852
The River King;5.8;99;434
A Fox's Tale;2.0;85;960
Octobre;7.0;78;524
Heart, Beating in the Dark;6.9;104;192
Den lille og den store;7.1;70;59
All Hat;5.2;89;1269
The Danish Girl;7.1;119;428
Amnesia: The James Brighton Enigma;6.2;90;840
Robbie's Brother;5.9;88;93
Kill Buljo: The Movie;5.7;93;698
Robbery Alla Turca;4.3;96;658
Skills Like This;6.0;88;830
Paradise Express;6.1;91;146
Jak se krotÃ­ krokodÃ½li;4.0;112;714
Under Black Skies;6.3;85;1066
Rope Art;7.1;100;459
Golden Empire;7.5;89;66
Ggot seom;6.6;115;906
Serko;6.3;96;1158
Tai fong lo chin;5.3;87;1162
Gigil;4.8;94;214
Bachehaye bad;4.8;82;297
Jailbreak;5.5;98;782
Barefoot Kibong;6.5;100;563
More Than a Woman;6.8;98;867
Rectuma;4.5;95;184
Proof;6.7;100;438
Hunting Season;6.6;79;904
Beynelmilel;7.2;105;547
Discover Me;7.7;78;1271
Pangarap ko ang ibigin ka;7.0;103;501
Falling;7.8;82;335
Night Class;4.3;90;1148
State of Play;7.1;127;579
JC in tha Hood;3.5;76;968
Scar;4.1;90;369
Off Key;5.2;118;683
Tyler Perry's Why Did I Get Married?;5.9;113;103
The Truck of Dreams;7.9;90;675
Pansion za kucheta;6.9;84;106
Partners in Action;4.2;92;1087
Veninder;3.2;85;1136
Birds of Passage;6.9;115;406
Le dernier plan;5.5;90;103
Igra v modern;5.4;83;27
The Piano Player;4.5;94;1192
Return to Babylon;6.0;75;595
The Black Balloon;7.2;97;442
Circus Baobab;7.0;100;350
One Afternoon in the City;7.0;79;323
Darkness Falls;5.0;86;750
Tube;5.5;116;158
The Duchess;6.9;110;16
Festival;4.0;95;480
Otherworld;5.7;108;557
Mechanical Suite;6.9;100;655
Night Watch;6.0;81;1357
I'm Through with White Girls;5.6;93;887
Devotion: A Film About Ogawa Productions;5.8;82;991
Yellow Dragon;5.4;98;1197
A las cinco en punto;4.4;60;1008
De droom van de beer;7.1;90;1313
Seventeen;6.3;64;572
Beginner's Luck;5.5;84;706
Impulses;4.5;91;1083
Devdas;5.1;175;1067
Speed Bump;7.4;91;201
Requiem;6.5;90;1056
Marie and the Wolf;5.2;92;1158
Brigham City;6.7;119;588
Today and Tomorrow;6.0;87;560
People Say I'm Crazy;7.9;84;630
The Pig Farm;5.4;77;452
The Blue Room;6.2;104;1321
The Mechanic;6.6;93;600
Trailer Park Boys: The Movie;7.2;95;916
Chapter 27;5.7;84;458
Stray Cats;5.2;80;327
Oriume;7.4;111;890
Bereft;5.9;98;195
Ingrid Jonker: Her Lives and Time ...;8.6;110;1044
One-Man Show;6.2;139;966
Modern Life;7.7;88;244
